소품이름,무드,카테고리,사진,상세 제품 링크,Column
LILLTJÄRN 릴셰른,"minimal, modern, natural",거울,https://www.ikea.com/kr/ko/images/products/lilltjaern-mirror__1031301_pe836473_s5.jpg?f=xl,https://www.ikea.com/kr/ko/p/lilltjaern-mirror-40513786/,
STOCKHOLM 스톡홀름,"casual, natural, vintage",거울,https://www.ikea.com/kr/ko/images/products/stockholm-mirror-walnut-veneer__1091610_pe862535_s5.jpg?f=xl,https://www.ikea.com/kr/ko/p/stockholm-mirror-walnut-veneer-10446897/,
MALM 말름,"minimal, modern, vintage",테이블,https://www.ikea.com/kr/ko/images/products/malm-desk-black-brown__0684830_pe721280_s5.jpg?f=xl,https://www.ikea.com/kr/ko/p/malm-desk-black-brown-70361753/,
GRANBODA 그란보다,"individuality, minimal, useful",테이블,https://www.ikea.com/kr/ko/images/products/granboda-nest-of-tables-set-of-3__0836333_pe672714_s5.jpg?f=xl,https://www.ikea.com/kr/ko/p/granboda-nest-of-tables-set-of-3-70386683/,
LISABO 리사보,"minimal, natural, vintage",테이블,https://www.ikea.com/kr/ko/images/products/lisabo-table-ash-veneer__0744784_pe743396_s5.jpg?f=xl,https://www.ikea.com/kr/ko/p/lisabo-table-ash-veneer-80365717/,
SYNNERBY 쉰네르뷔,"individuality, modern, useful",거울,https://www.ikea.com/kr/ko/images/products/synnerby-tri-fold-mirror-grey__0956671_pe804760_s5.jpg?f=xl,https://www.ikea.com/kr/ko/p/synnerby-tri-fold-mirror-grey-00454374/,
LAGKAPTEN 락캅텐 / KRILLE 크릴레,"casual, minimal, useful",테이블,https://www.ikea.com/kr/ko/images/products/lagkapten-krille-desk-white__0976161_pe813054_s5.jpg?f=xl,https://www.ikea.com/kr/ko/p/lagkapten-krille-desk-white-s89417608/,
SVANSELE 스반셀레,"individuality, romantic, vintage",거울,https://www.ikea.com/kr/ko/images/products/svansele-mirror-gold-colour__1058683_ph179025_s5.jpg?f=xl,https://www.ikea.com/kr/ko/p/svansele-mirror-gold-colour-40437453/,
SLATTUM 슬라툼,"minimal, modern, useful",침대,https://www.ikea.com/ext/ingkadam/m/7df1123b1f3f8e80/original/PH166949-crop001.jpg?f=l,https://www.ikea.com/kr/ko/p/slattum-upholstered-bed-frame-knisa-light-grey-80446375/,
MYDAL 뮈달,"romantic, useful, vintage",침대,https://www.ikea.com/ext/ingkadam/m/991807d01cb80bc/original/PH167341-crop001.jpg?f=l,https://www.ikea.com/kr/ko/p/mydal-bunk-bed-frame-pine-00368772/,
SLATTUM 슬라툼,"individuality, minimal, modern",침대,https://www.ikea.com/ext/ingkadam/m/1e599a070fc2f724/original/PH161820-crop001.jpg?f=l,https://www.ikea.com/kr/ko/p/slattum-upholstered-bed-frame-knisa-light-grey-80446375/,
MALM 말름,"minimal, natural, useful",침대,https://www.ikea.com/ext/ingkadam/m/4bbadbafb9b52203/original/PH156545-crop001.jpg?f=l,https://www.ikea.com/kr/ko/p/malm-ottoman-bed-white-90404803/,
NORDLI 노르들리,"minimal, modern, useful",침대,https://www.ikea.com/ext/ingkadam/m/2d99adc5e2dd1f6a/original/PH165566-crop001.jpg?f=l,https://www.ikea.com/kr/ko/p/nordli-bed-frame-with-storage-white-00349854/,
IKORNNES 이코르네스,"casual, natural, useful",거울,https://www.ikea.com/kr/ko/images/products/ikornnes-table-mirror-ash__0665879_ph152876_s5.jpg?f=xl,https://www.ikea.com/kr/ko/p/ikornnes-table-mirror-ash-80306921/,
VANGSTA 방스타,"casual, modern, natural",테이블,https://www.ikea.com/kr/ko/images/products/vangsta-extendable-table-black-dark-brown__1049826_ph168778_s5.jpg?f=xl,https://www.ikea.com/kr/ko/p/vangsta-extendable-table-black-dark-brown-90420153/,
NEIDEN 네이덴,"casual, natural, romantic",침대,https://www.ikea.com/kr/ko/images/products/neiden-bed-frame-pine__0734539_pe739491_s5.jpg?f=xs,https://www.ikea.com/kr/ko/p/neiden-bed-frame-pine-90450357/,
ÄPPLARÖ 에플라뢰,"casual, natural, romantic",테이블,https://www.ikea.com/kr/ko/images/products/aepplaroe-drop-leaf-table-outdoor-brown-stained__0667537_pe713947_s5.jpg?f=xl,https://www.ikea.com/kr/ko/p/aepplaroe-drop-leaf-table-outdoor-brown-stained-20208532/,
SVANSELE 스반셀레,"casual, romantic, vintage",거울,https://www.ikea.com/ext/ingkadam/m/15d24bf628caecac/original/PH179511-crop001.jpg?f=xs,https://www.ikea.com/kr/ko/p/svansele-mirror-gold-colour-50479292/,
VANGSTA 방스타,"casual, modern, vintage",테이블,https://www.ikea.com/ext/ingkadam/m/6ba1580897683923/original/PH156604-crop001.jpg?f=l,https://www.ikea.com/kr/ko/p/vangsta-extendable-table-white-30361566/,
SVÄRTA 스베르타,"casual, modern, vintage",침대,https://www.ikea.com/ext/ingkadam/m/6ba1580897683923/original/PH156604-crop001.jpg?f=l,https://www.ikea.com/kr/ko/p/svaerta-loft-bed-frame-silver-colour-00247983/,
SÖNDERÖD 쇤데뢰드,"casual, modern, vintage",러그,https://www.ikea.com/ext/ingkadam/m/6ba1580897683923/original/PH156604-crop001.jpg?f=l,https://www.ikea.com/kr/ko/p/soenderoed-rug-high-pile-blue-80345847/,
SKÅDIS 스코디스,"casual, modern, vintage",잡화,https://www.ikea.com/ext/ingkadam/m/6ba1580897683923/original/PH156604-crop001.jpg?f=l,https://www.ikea.com/kr/ko/p/skadis-pegboard-white-30320806/,
KÄPPHÄST 솁헤스트,"casual, individuality, romantic",침구류,https://www.ikea.com/ext/ingkadam/m/2185281d5e0b3c96/original/PH167725-crop002.jpg?f=l,https://www.ikea.com/kr/ko/p/kaepphaest-duvet-cover-and-pillowcase-patchwork-toys-70455742/,
KÄPPHÄST 솁헤스트,"casual, individuality, romantic",침구류,https://www.ikea.com/ext/ingkadam/m/2185281d5e0b3c96/original/PH167725-crop002.jpg?f=l,https://www.ikea.com/kr/ko/p/kaepphaest-cushion-elephant-60455752/,
SUNDVIK 순드비크,"minimal, modern, useful",침대,https://www.ikea.com/ext/ingkadam/m/2185281d5e0b3c96/original/PH167725-crop002.jpg?f=l,https://www.ikea.com/kr/ko/p/sundvik-ext-bed-frame-with-slatted-bed-base-white-s39240339/,
FUBBLA 푸블라,"casual, modern, useful",조명,https://www.ikea.com/ext/ingkadam/m/2185281d5e0b3c96/original/PH167725-crop002.jpg?f=l,https://www.ikea.com/kr/ko/p/fubbla-led-wall-lamp-white-50381605/,
https://ohou.se/brands/home?query=%EB%8D%94%ED%94%84%EB%A6%AC%EA%B7%B8&affect_type=ProductSaleDetail&affect_id=813130,"individuality, romantic, useful",수납장,https://image.ohou.se/i/bucketplace-v2-development/uploads/cards/snapshots/164137547032095225.jpeg?gif=1&w=1536,https://ohou.se/productions/813130/selling,
BROR 브로르,"modern, natural, useful",잡화,https://www.ikea.com/ext/ingkadam/m/6dd1dd0c0228a731/original/PH165572-crop001.jpg?f=xxxl,https://www.ikea.com/kr/ko/p/bror-trolley-black-pine-plywood-40333851/,
BUSUNGE 부숭에,"casual, individuality, useful",침대,https://www.ikea.com/kr/ko/images/products/busunge-extendable-bed-white__0877327_pe653601_s5.jpg?f=xl,https://www.ikea.com/kr/ko/p/busunge-extendable-bed-white-50351340/,
KALLAX 칼락스,"casual, minimal, useful",수납장,https://www.ikea.com/ext/ingkadam/m/35590d726e0648f7/original/PH165548-crop001.jpg?f=xxxl,https://www.ikea.com/kr/ko/p/kallax-shelving-unit-white-60351882/,
STRANDMON 스트란드몬,"casual, romantic, useful",의자,https://www.ikea.com/ext/ingkadam/m/7c923e19aaaa90b5/original/PH168401-crop003.jpg?f=l,https://www.ikea.com/kr/ko/p/strandmon-childrens-armchair-vissle-grey-80392546/,
SUNDVIK 순드비크,"romantic, useful, vintage",의자,https://www.ikea.com/ext/ingkadam/m/7c923e19aaaa90b5/original/PH168401-crop003.jpg?f=l,https://www.ikea.com/kr/ko/p/sundvik-rocking-chair-white-60201741/,
SUNDVIK 순드비크,"modern, romantic, vintage",수납장,https://www.ikea.com/ext/ingkadam/m/7c923e19aaaa90b5/original/PH168401-crop003.jpg?f=l,https://www.ikea.com/kr/ko/p/sundvik-wardrobe-white-20368832/,
EKET 에케트,"minimal, modern, useful",수납장,https://www.ikea.com/ext/ingkadam/m/7c923e19aaaa90b5/original/PH168401-crop003.jpg?f=l,https://www.ikea.com/kr/ko/p/eket-wall-mounted-shelving-unit-w-4-comp-white-s69285821/,
RIBBA 리바,"casual, minimal, modern",잡화,https://www.ikea.com/ext/ingkadam/m/7c923e19aaaa90b5/original/PH168401-crop003.jpg?f=l,https://www.ikea.com/kr/ko/p/ribba-frame-white-60378424/,
베리나이스유,"casual, romantic, vintage",조명,https://image.ohou.se/i/bucketplace-v2-development/uploads/cards/projects/161146235648857760.jpg?gif=1&w=850,https://ohou.se/productions/700517/selling,
아르테미데,"individuality, minimal, modern",조명,https://image.ohou.se/i/bucketplace-v2-development/uploads/cards/snapshots/164135347807448952.jpeg?gif=1&w=850,https://ohou.se/productions/1028902/selling,
GRIMSÅS 그림소스,"casual, individuality, romantic",조명,https://www.ikea.com/ext/ingkadam/m/66233fac36591a37/original/PH159924-crop001.jpg?f=xxxl,https://www.ikea.com/kr/ko/p/grimsas-pendant-lamp-white-60412833/,
NORDLI 노르들리,"minimal, modern, useful",침대,https://www.ikea.com/ext/ingkadam/m/66233fac36591a37/original/PH159924-crop001.jpg?f=xxxl,https://www.ikea.com/kr/ko/p/nordli-bed-frame-with-storage-white-00349854/,
GODISHUS 고디스후스,"casual, individuality, useful",수납장,https://www.ikea.com/ext/ingkadam/m/7ed682d58b923420/original/PH164725-crop001.jpg?f=xxxl,https://www.ikea.com/kr/ko/p/godishus-wardrobe-white-30433484/,
FUBBLA 푸블라,"minimal, modern, useful",조명,https://www.ikea.com/ext/ingkadam/m/7ed682d58b923420/original/PH164725-crop001.jpg?f=xxxl,https://www.ikea.com/kr/ko/p/fubbla-led-wall-lamp-white-50381605/,
SKUBB 스쿠브,"casual, individuality, useful",수납장,https://www.ikea.com/ext/ingkadam/m/7ed682d58b923420/original/PH164725-crop001.jpg?f=xxxl,https://www.ikea.com/kr/ko/p/skubb-storage-with-6-compartments-white-80245881/,
KURA 쿠라,"casual, individuality, useful",침대,https://www.ikea.com/ext/ingkadam/m/7ed682d58b923420/original/PH164725-crop001.jpg?f=xxxl,https://www.ikea.com/kr/ko/p/kura-reversible-bed-white-pine-40253811/,
GÄNGA 옝아,"individuality, romantic, vintage",잡화,https://www.ikea.com/ext/ingkadam/m/43e18ffcb5ed924c/original/PH167045-crop002.jpg?f=l,https://www.ikea.com/kr/ko/p/gaenga-alarm-clock-brass-colour-90398294/,
MÖRBYLÅNGA 뫼르뷜롱아,"minimal, natural, vintage",테이블,https://www.ikea.com/ext/ingkadam/m/2e3030045b9e6af0/original/PH162751-crop002.jpg?f=xxxl,https://www.ikea.com/kr/ko/p/moerbylanga-table-oak-veneer-brown-stained-70386249/,
ODGER 오드게르,"individuality, minimal, modern",의자,https://www.ikea.com/ext/ingkadam/m/2e3030045b9e6af0/original/PH162751-crop002.jpg?f=xxxl,https://www.ikea.com/kr/ko/p/odger-chair-anthracite-30457314/,
SINNERLIG 신넬리그,"individuality, romantic, vintage",조명,https://www.ikea.com/ext/ingkadam/m/2e3030045b9e6af0/original/PH162751-crop002.jpg?f=xxxl,https://www.ikea.com/kr/ko/p/sinnerlig-pendant-lamp-bamboo-handmade-50342195/,
BESTÅ 베스토,"casual, minimal, modern",수납장,https://www.ikea.com/ext/ingkadam/m/2e3030045b9e6af0/original/PH162751-crop002.jpg?f=xxxl,https://www.ikea.com/kr/ko/p/besta-frame-black-brown-30245954/#content,
KNIXHULT 크닉스훌트,"casual, individuality, natural",조명,https://www.ikea.com/ext/ingkadam/m/4a851b433442bdb2/original/PH159745-crop001.jpg?f=xxxl,https://www.ikea.com/kr/ko/p/knixhult-pendant-lamp-bamboo-handmade-00407132/,
MALM 말름,"minimal, modern, useful",침대,https://www.ikea.com/ext/ingkadam/m/4a851b433442bdb2/original/PH159745-crop001.jpg?f=xxxl,https://www.ikea.com/kr/ko/p/malm-bed-frame-high-white-s89005264/,
EKET 에케트,"minimal, modern, useful",수납장,https://www.ikea.com/ext/ingkadam/m/4a851b433442bdb2/original/PH159745-crop001.jpg?f=xxxl,https://www.ikea.com/kr/ko/p/eket-wall-mounted-shelving-unit-white-s99285810/,
PELARBOJ,"individuality, minimal, modern",조명,https://www.ikea.com/ext/ingkadam/m/4c2a58f77a0b1d29/original/PH161725-crop001.jpg?f=l,https://www.ikea.com/jp/en/p/pelarboj-led-table-lamp-multicolour-50423021/,
ARÖD,"minimal, natural, romantic",조명,https://www.ikea.com/ext/ingkadam/m/ee4753dae03ba0c/original/PH164901-crop001.jpg?f=l,https://www.ikea.com/jp/en/p/aroed-floor-reading-lamp-anthracite-60389106/,
LISABO,"minimal, natural, romantic",테이블,https://www.ikea.com/ext/ingkadam/m/ee4753dae03ba0c/original/PH164901-crop001.jpg?f=l,https://www.ikea.com/jp/en/p/lisabo-desk-ash-veneer-10361746/,
ODGER,"minimal, natural, romantic",의자,https://www.ikea.com/ext/ingkadam/m/ee4753dae03ba0c/original/PH164901-crop001.jpg?f=l,https://www.ikea.com/jp/en/p/odger-swivel-chair-white-beige-00395271/,
KNIXHULT,"minimal, natural, romantic",조명,https://www.ikea.com/ext/ingkadam/m/ee4753dae03ba0c/original/PH164901-crop001.jpg?f=l,https://www.ikea.com/jp/en/p/knixhult-table-lamp-bamboo-handmade-40358530/,
SONGESAND 송에산드,"individuality, romantic, vintage",수납장,https://www.ikea.com/ext/ingkadam/m/77d77ef64d94943d/original/PH159252-crop002.jpg?f=xxxl,https://www.ikea.com/kr/ko/p/songesand-wardrobe-brown-40375134/,
RÅGRUND 로그룬드,"individuality, natural, useful",의자,https://www.ikea.com/ext/ingkadam/m/77d77ef64d94943d/original/PH159252-crop002.jpg?f=xxxl,https://www.ikea.com/kr/ko/p/ragrund-towel-rack-chair-bamboo-60253075/,
SINNERLIG 신넬리그,"casual, individuality, natural",조명,https://www.ikea.com/ext/ingkadam/m/77d77ef64d94943d/original/PH159252-crop002.jpg?f=xxxl,https://www.ikea.com/kr/ko/p/sinnerlig-pendant-lamp-bamboo-handmade-50342195/,
SNÖYRA 스뇌위라,"individuality, natural, romantic",조명,https://www.ikea.com/ext/ingkadam/m/53d25c4b4b52b64/original/PH160761-crop001.jpg?f=xxxl,https://www.ikea.com/kr/ko/p/snoeyra-led-lighting-chain-with-40-lights-indoor-battery-operated-silver-colour-10421364/,
LISABO 리사보,"minimal, natural, useful",테이블,https://www.ikea.com/ext/ingkadam/m/6d131c9111093f2e/original/PH179628-crop002.jpg?f=xxxl,https://www.ikea.com/kr/ko/p/lisabo-desk-ash-veneer-10361746/,
SKURUP 스쿠루프,"casual, individuality, useful",조명,https://www.ikea.com/ext/ingkadam/m/6d131c9111093f2e/original/PH179628-crop002.jpg?f=xxxl,https://www.ikea.com/kr/ko/p/skurup-clamp-spotlight-black-40489965/,
RÖNNINGE 뢴닝에,"minimal, natural, vintage",의자,https://www.ikea.com/ext/ingkadam/m/6d131c9111093f2e/original/PH179628-crop002.jpg?f=xxxl,https://www.ikea.com/kr/ko/p/roenninge-chair-birch-80400754/,
HELMER 헬메르,"individuality, minimal, useful",수납장,https://www.ikea.com/ext/ingkadam/m/6d131c9111093f2e/original/PH179628-crop002.jpg?f=xxxl,https://www.ikea.com/kr/ko/p/helmer-drawer-unit-on-castors-white-90251046/,
GULLHULT 굴훌트,"natural, useful, vintage",수납장,https://www.ikea.com/ext/ingkadam/m/6d131c9111093f2e/original/PH179628-crop002.jpg?f=xxxl,https://www.ikea.com/kr/ko/p/gullhult-wall-shelf-black-pine-antique-effect-40489022/,
VONSBÄK,"individuality, natural, vintage",러그,https://www.ikea.com/ext/ingkadam/m/7b3d47f0bb308bbf/original/PH161887-crop001.jpg?f=l,https://www.ikea.com/jp/en/p/vonsbaek-rug-low-pile-green-30450039/,
https://ohou.se/brands/home?query=%EC%9E%A5%EB%AF%B8%EB%A7%A8%EC%88%80&affect_type=ProductSaleDetail&affect_id=744881,"natural, romantic, vintage",테이블,https://image.ohou.se/i/bucketplace-v2-development/uploads/cards/snapshots/164137932944774601.jpeg?gif=1&w=1536,https://ohou.se/productions/744881/selling,
FABRIKÖR 파브리셰르,"casual, individuality, useful",수납장,https://www.ikea.com/ext/ingkadam/m/3a6af02261e97dbb/original/PH148307-crop001.jpg?f=xxxl,https://www.ikea.com/kr/ko/p/fabrikoer-glass-door-cabinet-black-blue-80363172/,
NÄVLINGE,"minimal, modern, natural",조명,https://www.ikea.com/ext/ingkadam/m/81e9c09a7ad61d0/original/PH179221-crop001.jpg?f=l,https://www.ikea.com/jp/en/p/naevlinge-led-work-lamp-black-10404915/,
FJÄLLBO,"minimal, modern, useful",테이블,https://www.ikea.com/ext/ingkadam/m/81e9c09a7ad61d0/original/PH179221-crop001.jpg?f=l,https://www.ikea.com/jp/en/p/fjaellbo-laptop-table-black-10339736/,
ODGER,"casual, minimal, modern",의자,https://www.ikea.com/ext/ingkadam/m/81e9c09a7ad61d0/original/PH179221-crop001.jpg?f=l,https://www.ikea.com/jp/en/p/odger-swivel-chair-anthracite-70395263/,
FJÄLLBO,"minimal, modern, useful",수납장,https://www.ikea.com/ext/ingkadam/m/81e9c09a7ad61d0/original/PH179221-crop001.jpg?f=l,https://www.ikea.com/jp/en/p/fjaellbo-shelving-unit-black-90342198/,
https://ohou.se/brands/home?query=%EC%95%84%EC%B9%B4%EC%9D%B4%EB%B2%84&affect_type=ProductSaleDetail&affect_id=630881,"casual, natural, romantic",잡화,https://image.ohou.se/i/bucketplace-v2-development/uploads/cards/snapshots/164137932944774601.jpeg?gif=1&w=1536,https://ohou.se/productions/630881/selling,
https://ohou.se/brand_pages/23/home?affect_type=ProductSaleDetail&affect_id=82112,"natural, romantic, vintage",거울,https://image.ohou.se/i/bucketplace-v2-development/uploads/productions/1545960910_115704_1.jpg?gif=1&w=1280&h=1280&c=c,https://ohou.se/productions/82112/selling?affect_type=StoreSearchResult&affect_id=39,
캐더린 LED 통서랍 수납침대 SS/Q,"natural, useful, vintage",침대,https://image.ohou.se/i/bucketplace-v2-development/uploads/productions/162676121775574674.jpg?gif=1&w=1280&h=1280&c=c,https://ohou.se/productions/310649/selling,
https://ohou.se/brands/home?query=%EC%95%84%EB%8A%91&affect_type=ProductSaleDetail&affect_id=762435,"minimal, modern, useful",거울,https://image.ohou.se/i/bucketplace-v2-development/uploads/productions/15650448016039_h2GeO.jpg?gif=1&w=1280&h=1280&c=c,https://ohou.se/productions/762435/selling?affect_type=StoreSearchResult&affect_id=120,
https://ohou.se/brands/home?query=%EB%82%98%EB%88%84%EB%B2%A8&affect_type=ProductSaleDetail&affect_id=847779,"individuality, minimal, modern",거울,https://image.ohou.se/i/bucketplace-v2-development/uploads/productions/162193245838993039.jpg?gif=1&w=1280&h=1280&c=c,https://ohou.se/productions/847779/selling?affect_type=StoreSearchResult&affect_id=127,
호텔소파원단 패브릭 소파베드 3colors (쿠션증정),"casual, modern, useful",침대,https://image.ohou.se/i/bucketplace-v2-development/uploads/productions/1561105403576_wW7.jpg?gif=1&w=1280&h=1280&c=c,https://ohou.se/productions/138320/selling,
https://ohou.se/brands/home?query=%EC%83%81%EC%9D%BC%EB%A6%AC%EB%B2%A0%EA%B0%80%EA%B5%AC&affect_type=ProductSaleDetail&affect_id=322900,"minimal, natural, useful",수납장,https://image.ohou.se/i/bucketplace-v2-development/uploads/productions/159039194084726881.jpg?gif=1&w=1280&h=1280&c=c,https://ohou.se/productions/322900/selling?affect_type=StoreSearchResult&affect_id=134,
도로모 12T 포셀린 통세라믹 4인용 식탁세트,"casual, minimal, modern",테이블,https://image.ohou.se/i/bucketplace-v2-development/uploads/productions/162278669912015933.jpg?gif=1&w=1280&h=1280&c=c,https://ohou.se/productions/864464/selling,
https://ohou.se/brands/home?query=%EB%AC%B4%EC%95%84%EC%8A%A4&affect_type=ProductSaleDetail&affect_id=1088454,"minimal, natural, useful",거울,https://image.ohou.se/i/bucketplace-v2-development/uploads/productions/163651087203147499.jpg?gif=1&w=1280&h=1280&c=c,https://ohou.se/productions/1088454/selling?affect_type=StoreSearchResult&affect_id=152,
https://ohou.se/brands/home?query=%EB%B2%A0%EB%85%B8%EC%8B%9D%EC%8A%A4&affect_type=ProductSaleDetail&affect_id=1034531,"individuality, natural, vintage",거울,https://image.ohou.se/i/bucketplace-v2-development/uploads/productions/163331540577431828.jpg?gif=1&w=1280&h=1280&c=c,https://ohou.se/productions/1034531/selling?affect_type=StoreSearchResult&affect_id=160,
https://ohou.se/brands/home?query=%EB%AF%B8%EC%86%8C%EC%95%84%EC%9D%B4&affect_type=ProductSaleDetail&affect_id=451580,"minimal, modern, useful",거울,https://image.ohou.se/i/bucketplace-v2-development/uploads/productions/159773536766839959.jpg?gif=1&w=1280&h=1280&c=c,https://ohou.se/productions/451580/selling?affect_type=StoreSearchResult&affect_id=169,
https://ohou.se/brands/home?query=%EC%A3%BC%EB%B9%8C%EB%A6%AC%EA%B0%80%EA%B5%AC&affect_type=ProductSaleDetail&affect_id=510136,"casual, minimal, natural",거울,https://image.ohou.se/i/bucketplace-v2-development/uploads/productions/160214677598010509.jpg?gif=1&w=1280&h=1280&c=c,https://ohou.se/productions/510136/selling?affect_type=StoreSearchResult&affect_id=187,
완소각소 팔각 골드 전신거울,"individuality, natural, romantic",거울,https://image.ohou.se/i/bucketplace-v2-development/uploads/productions/160488675162012367.jpg?gif=1&w=1280&h=1280&c=c,https://ohou.se/productions/220010/selling?affect_type=StoreSearchResult&affect_id=194,
모듈가구 003(3단) 6colors,"minimal, romantic, vintage",수납장,https://image.ohou.se/i/bucketplace-v2-development/uploads/productions/162303802572522809.jpeg?gif=1&w=1280&h=1280&c=c,https://ohou.se/productions/594962/selling,
https://ohou.se/brands/home?query=%EC%A7%84%EC%8B%AC%EB%94%94%EC%9E%90%EC%9D%B8&affect_type=ProductSaleDetail&affect_id=169803,"natural, useful, vintage",거울,https://image.ohou.se/i/bucketplace-v2-development/uploads/productions/sub_images/156651661347926228.jpg?gif=1&w=1280&h=1280&c=c,https://ohou.se/productions/169803/selling?affect_type=StoreSearchResult&affect_id=198,
https://ohou.se/brands/home?query=%EB%A9%94%EC%9D%B8%ED%99%88&affect_type=ProductSaleDetail&affect_id=577657,"individuality, romantic, vintage",거울,https://image.ohou.se/i/bucketplace-v2-development/uploads/productions/160583142820121873.jpg?gif=1&w=1280&h=1280&c=c,https://ohou.se/productions/577657/selling?affect_type=StoreSearchResult&affect_id=259,
https://ohou.se/brands/home?query=lifebox&affect_type=ProductSaleDetail&affect_id=633583,"casual, individuality, romantic",거울,https://image.ohou.se/i/bucketplace-v2-development/uploads/productions/160930568559476201.jpg?gif=1&w=1280&h=1280&c=c,https://ohou.se/productions/633583/selling?affect_type=StoreSearchResult&affect_id=291,
https://ohou.se/brands/home?query=%EC%95%8C%EB%A1%9C%ED%95%98%EA%B0%90%EC%84%B1&affect_type=ProductSaleDetail&affect_id=315945,"individuality, minimal, modern",거울,https://image.ohou.se/i/bucketplace-v2-development/uploads/productions/158994899118065400.jpg?gif=1&w=1280&h=1280&c=c,https://ohou.se/productions/315945/selling?affect_type=StoreSearchResult&affect_id=300,
https://ohou.se/brands/home?query=%EA%B5%AC%EB%94%94%ED%91%B8%EB%94%94&affect_type=ProductSaleDetail&affect_id=1050249,"casual, individuality, romantic",거울,https://image.ohou.se/i/bucketplace-v2-development/uploads/productions/163428712946654040.jpg?gif=1&w=1280&h=1280&c=c,https://ohou.se/productions/1050249/selling?affect_type=StoreSearchResult&affect_id=301,
리벌티 장스탠드,"minimal, romantic, vintage",조명,https://image.ohou.se/i/bucketplace-v2-development/uploads/productions/160082370001373450.jpg?gif=1&w=1280&h=1280&c=c,https://ohou.se/productions/491817/selling?affect_type=ProductCategoryIndex&affect_id=,
https://ohou.se/brands/home?query=%EC%B1%84%EC%9A%B0%EB%A6%AC&affect_type=ProductSaleDetail&affect_id=445585,"individuality, romantic, vintage",거울,https://image.ohou.se/i/bucketplace-v2-development/uploads/productions/15650448037713_qNyWN.jpg?gif=1&w=1280&h=1280&c=c,https://ohou.se/productions/445585/selling?affect_type=StoreSearchResult&affect_id=305,
https://ohou.se/brands/home?query=%EB%AF%B8%EC%8A%A4%EB%AA%A8%EB%84%A4&affect_type=ProductSaleDetail&affect_id=891326,"individuality, romantic, vintage",거울,https://image.ohou.se/i/bucketplace-v2-development/uploads/productions/162443484759218442.jpg?gif=1&w=1280&h=1280&c=c,https://ohou.se/productions/891326/selling?affect_type=StoreSearchResult&affect_id=312,
LERSTA 레르스타 장스탠드,"individuality, minimal, modern",조명,https://image.ohou.se/i/bucketplace-v2-development/uploads/productions/images/163263804036180290.jpg?gif=1&w=1280&h=1280&c=c,https://ohou.se/productions/1024870/selling?affect_type=ProductCategoryIndex&affect_id=,
린다 깃털 구스 장스탠드 조명,"casual, individuality, romantic",조명,https://image.ohou.se/i/bucketplace-v2-development/uploads/productions/158926088608879937.jpg?gif=1&w=1280&h=1280&c=c,https://ohou.se/productions/61066/selling?affect_type=ProductCategoryIndex&affect_id=,
https://ohou.se/brands/home?query=%EB%93%9C%EC%9B%B0%EB%A7%81%EC%BB%B4%ED%8D%BC%EB%8B%88&affect_type=ProductSaleDetail&affect_id=254275,"individuality, romantic, vintage",거울,https://image.ohou.se/i/bucketplace-v2-development/uploads/productions/158509543254162025.jpg?gif=1&w=1280&h=1280&c=c,https://ohou.se/productions/254275/selling?affect_type=StoreSearchResult&affect_id=313,
랑스 1등 플로어 장스탠드 조명,"minimal, useful, vintage",조명,https://image.ohou.se/i/bucketplace-v2-development/uploads/productions/1544684580159_q9.jpg?gif=1&w=1280&h=1280&c=c,https://ohou.se/productions/80155/selling?affect_type=ProductCategoryIndex&affect_id=,
https://ohou.se/brands/home?query=%EA%B1%B0%EC%9A%B8%EB%AF%B8%EC%9D%B8&affect_type=ProductSaleDetail&affect_id=890604,"minimal, natural, romantic",거울,https://image.ohou.se/i/bucketplace-v2-development/uploads/productions/162400034849374040.JPG?gif=1&w=1280&h=1280&c=c,https://ohou.se/productions/890604/selling?affect_type=StoreSearchResult&affect_id=314,
앰플 9등 펜던트 조명_골드,"casual, individuality, romantic",조명,https://image.ohou.se/i/bucketplace-v2-development/uploads/productions/157863954333098362.jpg?gif=1&w=1280&h=1280&c=c,https://ohou.se/productions/229953/selling?affect_type=ProductCategoryIndex&affect_id=,
https://ohou.se/brands/home?query=%ED%92%80%EC%94%A8&affect_type=ProductSaleDetail&affect_id=658443,"natural, romantic, useful",거울,https://image.ohou.se/i/bucketplace-v2-development/uploads/productions/161095533087608102.jpg?gif=1&w=1280&h=1280&c=c,https://ohou.se/productions/658443/selling?affect_type=StoreSearchResult&affect_id=320,
우리집 속 불멍 벽난로 무드등,"individuality, natural, vintage",조명,https://image.ohou.se/i/bucketplace-v2-development/uploads/productions/160282039286137158.jpg?gif=1&w=1280&h=1280&c=c,https://ohou.se/productions/233366/selling?affect_type=ProductCategoryIndex&affect_id=,
https://ohou.se/brands/home?query=%EB%A8%BC%EB%8D%B0%EC%9D%B4%ED%95%98%EC%9A%B0%EC%8A%A4&affect_type=ProductSaleDetail&affect_id=119208,"casual, natural, useful",거울,https://image.ohou.se/i/bucketplace-v2-development/uploads/productions/1556807147985_d1b.jpg?gif=1&w=1280&h=1280&c=c,https://ohou.se/productions/119208/selling?affect_type=StoreSearchResult&affect_id=322,
https://ohou.se/brands/home?query=FAFA%20MARKET&affect_type=ProductSaleDetail&affect_id=892224,"casual, individuality, romantic",거울,https://image.ohou.se/i/bucketplace-v2-development/uploads/productions/162451897479906862.jpg?gif=1&w=1280&h=1280&c=c,https://ohou.se/productions/892224/selling?affect_type=StoreSearchResult&affect_id=350,
https://ohou.se/brands/home?query=%EC%82%B4%EB%A6%BC%EC%9D%98%EA%B8%B0%EC%88%A0&affect_type=ProductSaleDetail&affect_id=807129,"minimal, modern, useful",거울,https://image.ohou.se/i/bucketplace-v2-development/uploads/productions/161951389691743340.jpg?gif=1&w=1280&h=1280&c=c,https://ohou.se/productions/807129/selling?affect_type=StoreSearchResult&affect_id=357,
https://ohou.se/brands/home?query=%EC%9D%B4%EC%9D%B4%EA%B3%B5%EB%B8%8C%EC%9D%B4%EC%83%B5&affect_type=ProductSaleDetail&affect_id=817055,"casual, individuality, romantic",거울,https://image.ohou.se/i/bucketplace-v2-development/uploads/productions/images/162011877429709846.jpg?gif=1&w=1280&h=1280&c=c,https://ohou.se/productions/817055/selling?affect_type=StoreSearchResult&affect_id=361,
벨라 피치 튤립 감성 LED 무드등,"individuality, romantic, vintage",조명,https://image.ohou.se/i/bucketplace-v2-development/uploads/productions/163636430823382763.jpg?gif=1&w=1280&h=1280&c=c,https://ohou.se/productions/1081924/selling?affect_type=ProductCategoryIndex&affect_id=,
선라이즈 웨이크업 알람시계 무드등 취침등 수면등 조명,"individuality, minimal, useful",조명,https://image.ohou.se/i/bucketplace-v2-development/uploads/productions/160999221556016411.jpg?gif=1&w=1280&h=1280&c=c,https://ohou.se/productions/641637/selling?affect_type=ProductCategoryIndex&affect_id=,
FADO 파도 달 조명,"individuality, romantic, vintage",조명,https://image.ohou.se/i/bucketplace-v2-development/uploads/productions/163220665825529696.jpg?gif=1&w=1280&h=1280&c=c,https://ohou.se/productions/1020795/selling?affect_type=ProductCategoryIndex&affect_id=,
https://ohou.se/brands/home?query=%ED%81%B4%EB%9D%BC%EC%9A%B0%EB%93%9C%EC%82%B4%EB%AA%AC&affect_type=ProductSaleDetail&affect_id=875418,"natural, romantic, vintage",거울,https://image.ohou.se/i/bucketplace-v2-development/uploads/productions/162330406000993039.jpg?gif=1&w=1280&h=1280&c=c,https://ohou.se/productions/875418/selling?affect_type=StoreSearchResult&affect_id=375,
https://ohou.se/brands/home?query=%ED%81%B4%EB%9D%BC%EC%9A%B0%EB%93%9C%EC%82%B4%EB%AA%AC&affect_type=ProductSaleDetail&affect_id=755937,"natural, romantic, vintage",거울,https://image.ohou.se/i/bucketplace-v2-development/uploads/productions/images/161648661935862146.jpg?gif=1&w=1280&h=1280&c=c,https://ohou.se/productions/755937/selling?affect_type=StoreSearchResult&affect_id=386,
북유럽 모던 빈티지 침대옆 푸딩 머쉬룸 스탠드 협탁조명,"casual, individuality, modern",조명,https://image.ohou.se/i/bucketplace-v2-development/uploads/productions/162858745397689054.jpg?gif=1&w=1280&h=1280&c=c,https://ohou.se/productions/965244/selling?affect_type=ProductCategoryIndex&affect_id=,
모던심플 LED 스탠드,"individuality, minimal, modern",조명,https://image.ohou.se/i/bucketplace-v2-development/uploads/productions/156945926905546572.jpg?gif=1&w=1280&h=1280&c=c,https://ohou.se/productions/181504/selling?affect_type=ProductCategoryIndex&affect_id=,
https://ohou.se/brands/home?query=%EC%97%90%EC%9D%B4%ED%8A%B8%ED%95%98%EC%9A%B0%EC%8A%A4&affect_type=ProductSaleDetail&affect_id=837082,"individuality, minimal, natural",거울,https://image.ohou.se/i/bucketplace-v2-development/uploads/productions/162130540362853282.jpg?gif=1&w=1280&h=1280&c=c,https://ohou.se/productions/837082/selling?affect_type=StoreSearchResult&affect_id=424,
밝기 조절 가능한 LED 조이 플로어 램프,"individuality, minimal, useful",조명,https://image.ohou.se/i/bucketplace-v2-development/uploads/productions/163108468588185126.jpg?gif=1&w=1280&h=1280&c=c,https://ohou.se/productions/1006016/selling?affect_type=ProductCategoryIndex&affect_id=,
https://ohou.se/brands/home?query=%ED%99%88%EC%95%A4%ED%95%98%EB%B9%84&affect_type=ProductSaleDetail&affect_id=1114289,"casual, natural, useful",거울,https://image.ohou.se/i/bucketplace-v2-development/uploads/productions/159160535281703651.jpg?gif=1&w=1280&h=1280&c=c,https://ohou.se/productions/1114289/selling?affect_type=StoreSearchResult&affect_id=421,
깊어가는 겨울 밤 불멍 벽난로 무드등,"individuality, natural, vintage",조명,https://image.ohou.se/i/bucketplace-v2-development/uploads/productions/163358658290143045.jpg?gif=1&w=1280&h=1280&c=c,https://ohou.se/productions/1038258/selling?affect_type=ProductCategoryIndex&affect_id=,
FORSA 포르소 작업등 단스탠드,"individuality, modern, vintage",조명,https://image.ohou.se/i/bucketplace-v2-development/uploads/productions/163221130785527175.jpg?gif=1&w=1280&h=1280&c=c,https://ohou.se/productions/1020819/selling?affect_type=ProductCategoryIndex&affect_id=,
https://ohou.se/brands/home?query=%EC%9A%B0%EB%93%9C%EB%A1%9C%ED%95%98%EC%9A%B0%EC%8A%A4&affect_type=ProductSaleDetail&affect_id=200265,"individuality, minimal, modern",거울,https://image.ohou.se/i/bucketplace-v2-development/uploads/productions/images/157319081838432506.jpg?gif=1&w=1280&h=1280&c=c,https://ohou.se/productions/200265/selling?affect_type=StoreSearchResult&affect_id=461,
LED 스칸디 테이블 장스탠드,"natural, romantic, vintage",조명,https://image.ohou.se/i/bucketplace-v2-development/uploads/productions/1561524036_100514_1.jpg?gif=1&w=1280&h=1280&c=c,https://ohou.se/productions/141511/selling?affect_type=ProductCategoryIndex&affect_id=,
https://ohou.se/brands/home?query=%ED%8A%B8%EB%A0%8C%EB%8D%B0%EC%BD%94&affect_type=ProductSaleDetail&affect_id=629083,"casual, natural, vintage",거울,https://image.ohou.se/i/bucketplace-v2-development/uploads/productions/1608173773_100226_12.jpg?gif=1&w=1280&h=1280&c=c,https://ohou.se/productions/629083/selling?affect_type=StoreSearchResult&affect_id=459,
https://ohou.se/brand_pages/101/home?affect_type=ProductSaleDetail&affect_id=772764,"individuality, natural, vintage",거울,https://image.ohou.se/i/bucketplace-v2-development/uploads/productions/161769503349137847.jpg?gif=1&w=1280&h=1280&c=c,https://ohou.se/productions/772764/selling?affect_type=StoreSearchResult&affect_id=503,
https://ohou.se/brands/home?query=%ED%8F%AC%ED%99%88&affect_type=ProductSaleDetail&affect_id=437920,"casual, natural, vintage",거울,https://image.ohou.se/i/bucketplace-v2-development/uploads/productions/1596519652_102633_1.jpg?gif=1&w=1280&h=1280&c=c,https://ohou.se/productions/437920/selling?affect_type=StoreSearchResult&affect_id=498,
https://ohou.se/brands/home?query=%EB%B3%B4%EB%A3%A8%EB%84%A4%EC%98%A4&affect_type=ProductSaleDetail&affect_id=782043,"minimal, modern, useful",거울,https://image.ohou.se/i/bucketplace-v2-development/uploads/productions/161818891088182957.jpg?gif=1&w=1280&h=1280&c=c,https://ohou.se/productions/782043/selling?affect_type=StoreSearchResult&affect_id=497,
북유럽 플로어 스탠드 조명 장스탠드 LED 거실등,"casual, minimal, modern",조명,https://image.ohou.se/i/bucketplace-v2-development/uploads/productions/162713994308716152.png?gif=1&w=1280&h=1280&c=c,https://ohou.se/productions/941546/selling?affect_type=ProductCategoryIndex&affect_id=,
https://ohou.se/brands/home?query=%EB%B2%A0%EB%85%B8%EC%8B%9D%EC%8A%A4&affect_type=ProductSaleDetail&affect_id=1061216,"natural, romantic, vintage",거울,https://image.ohou.se/i/bucketplace-v2-development/uploads/productions/163512588714424269.jpg?gif=1&w=1280&h=1280&c=c,https://ohou.se/productions/1061216/selling?affect_type=StoreSearchResult&affect_id=599,
키드니빈즈 접이식 좌식테이블,"minimal, natural, romantic",테이블,https://image.ohou.se/i/bucketplace-v2-development/uploads/productions/162424305319088723.jpeg?gif=1&w=640&h=640&c=c,https://ohou.se/productions/209749/selling?affect_type=ProductCategoryIndex&affect_id=,
빈백 607C 그랜드 소파,"casual, useful, vintage",침구류,https://image.ohou.se/i/bucketplace-v2-development/uploads/productions/159678320813648435.jpg?gif=1&w=640&h=640&c=c,https://ohou.se/productions/111084/selling?affect_type=ProductCategoryIndex&affect_id=,
포텐 LED 4단 수납 원목 침대,"natural, romantic, useful",침대,https://image.ohou.se/i/bucketplace-v2-development/uploads/productions/images/159131889280585851.jpg?gif=1&w=640&h=640&c=c,https://ohou.se/productions/349480/selling?affect_type=ProductCategoryIndex&affect_id=,
원목 가벽인테리어 스트라이프 파티션,"individuality, modern, natural",잡화,https://image.ohou.se/i/bucketplace-v2-development/uploads/productions/163620641458389895.jfif?gif=1&w=640&h=640&c=c,https://ohou.se/productions/150395/selling?affect_type=ProductCategoryIndex&affect_id=,
노르마니 LED 익스텐션 모던 거실장,"individuality, minimal, modern",잡화,https://image.ohou.se/i/bucketplace-v2-development/uploads/productions/159105182644945962.jpg?gif=1&w=640&h=640&c=c,https://ohou.se/productions/346800/selling?affect_type=ProductCategoryIndex&affect_id=,
프라임 와이드 수납 행거,"casual, natural, useful",수납장,https://image.ohou.se/i/bucketplace-v2-development/uploads/productions/158986921606595523.jpg?gif=1&w=640&h=640&c=c,https://ohou.se/productions/313591/selling?affect_type=ProductCategoryIndex&affect_id=,
인테리어 북선반 철제 책장 진열장,"individuality, modern, useful",수납장,https://image.ohou.se/i/bucketplace-v2-development/uploads/productions/161942868196694523.jpg?gif=1&w=640&h=640&c=c,https://ohou.se/productions/805213/selling?affect_type=ProductCategoryIndex&affect_id=,
오리엔탈 9단 와이드 800 서랍 수납장 나비장,"individuality, natural, vintage",수납장,https://image.ohou.se/i/bucketplace-v2-development/uploads/productions/160586012644102447.jpg?gif=1&w=640&h=640&c=c,https://ohou.se/productions/579266/selling?affect_type=ProductCategoryIndex&affect_id=,
무니 리프트업 테이블,"casual, natural, useful",테이블,https://image.ohou.se/i/bucketplace-v2-development/uploads/productions/162554647536732369.webp?gif=1&w=640&h=640&c=c,https://ohou.se/productions/910467/selling?affect_type=ProductCategoryIndex&affect_id=,
,,,,,
,,,,,
,,,,,
,,,,,
,,,,,
,,,,,
,,,,,
,,,,,
,,,,,
,,,,,