,category,name,link,minimal,modern,natural,romantic,casual,vintage,individuality,useful,ENFJ,ENFP,ENTJ,ENTP,ESFJ,ESFP,ESTJ,ESTP,INFJ,INFP,INTJ,INTP,ISFJ,ISFP,ISTJ,ISTP,like,photo_link
0,거울,LILLTJÄRN 릴셰른,https://www.ikea.com/kr/ko/p/lilltjaern-mirror-40513786/,0,0,1,1,1,0,0,0,2.1706,1.741,1.736,1.9228,1.944,1.93409,1.9645,1.7920000000000005,1.554,1.6563,1.48,1.34,1.517,1.602,1.902,1.491,0,https://www.ikea.com/kr/ko/images/products/lilltjaern-mirror__1031301_pe836473_s5.jpg?f=xl
1,거울,STOCKHOLM 스톡홀름,https://www.ikea.com/kr/ko/p/stockholm-mirror-walnut-veneer-10446897/,1,0,0,0,1,0,0,1,1.538,1.859,2.539,2.2828,1.46,1.314,1.9355,2.0608,1.6828,1.4,2.3200000000000003,2.395,1.46026,1.38,1.7536,1.927,0,https://www.ikea.com/kr/ko/images/products/stockholm-mirror-walnut-veneer__1091610_pe862535_s5.jpg?f=xl
2,테이블,MALM 말름,https://www.ikea.com/kr/ko/p/malm-desk-black-brown-70361753/,0,0,1,1,0,0,0,1,1.9826,1.27,2.13,1.41,1.8340000000000003,1.68409,2.0145,1.584,1.644,1.6062999999999998,1.905,1.7999999999999998,1.6270000000000002,1.572,2.172,1.6760000000000002,0,https://www.ikea.com/kr/ko/images/products/malm-desk-black-brown__0684830_pe721280_s5.jpg?f=xl
3,테이블,GRANBODA 그란보다,https://www.ikea.com/kr/ko/p/granboda-nest-of-tables-set-of-3-70386683/,0,1,1,0,0,0,1,0,2.1180000000000003,2.0447,1.52,1.86277,2.1315000000000004,1.758,2.0365,1.557,1.596,1.5219999999999998,1.556,1.556,1.7540000000000002,1.6112,1.856,1.36,0,https://www.ikea.com/kr/ko/images/products/granboda-nest-of-tables-set-of-3__0836333_pe672714_s5.jpg?f=xl
4,테이블,LISABO 리사보,https://www.ikea.com/kr/ko/p/lisabo-table-ash-veneer-80365717/,0,0,1,0,1,0,0,1,1.868,1.601,2.254,2.1428,1.49,1.21,2.0445,1.668,1.43,1.412,2.045,1.97,1.24,1.09,1.996,1.485,0,https://www.ikea.com/kr/ko/images/products/lisabo-table-ash-veneer__0744784_pe743396_s5.jpg?f=xl
5,거울,SYNNERBY 쉰네르뷔,https://www.ikea.com/kr/ko/p/synnerby-tri-fold-mirror-grey-00454374/,0,1,0,1,0,0,1,0,2.0906,2.2547000000000006,1.546,1.96277,2.1055000000000006,2.27209,1.512,1.7210000000000003,1.7,1.7543000000000002,1.446,1.646,1.731,1.9632,1.2960000000000005,1.511,0,https://www.ikea.com/kr/ko/images/products/synnerby-tri-fold-mirror-grey__0956671_pe804760_s5.jpg?f=xl
6,테이블,LAGKAPTEN 락캅텐 / KRILLE 크릴레,https://www.ikea.com/kr/ko/p/lagkapten-krille-desk-white-s89417608/,1,0,1,0,0,0,1,0,1.7,1.9967,1.7950000000000002,1.89277,1.9,1.594,2.2500000000000004,1.9398,1.8388,1.532,1.735,1.891,1.84026,1.8912,2.2096,1.882,0,https://www.ikea.com/kr/ko/images/products/lagkapten-krille-desk-white__0976161_pe813054_s5.jpg?f=xl
7,거울,SVANSELE 스반셀레,https://www.ikea.com/kr/ko/p/svansele-mirror-gold-colour-40437453/,0,1,0,0,0,1,0,1,1.738,1.5459999999999998,1.924,1.51,1.6115000000000004,1.398,1.4620000000000002,1.3,1.968,2.1288,2.287,2.14,1.714,1.6410000000000002,1.56,1.681,0,https://www.ikea.com/kr/ko/images/products/svansele-mirror-gold-colour__1058683_ph179025_s5.jpg?f=xl
8,침대,SLATTUM 슬라툼,https://www.ikea.com/kr/ko/p/slattum-upholstered-bed-frame-knisa-light-grey-80446375/,0,0,1,1,0,0,1,0,2.0026,1.9487,1.536,1.85277,1.9040000000000004,2.00409,1.8345,1.711,1.6900000000000002,1.7763,1.35,1.556,1.5970000000000002,1.9532,1.892,1.591,0,https://www.ikea.com/ext/ingkadam/m/7df1123b1f3f8e80/original/PH166949-crop001.jpg?f=l
9,침대,MYDAL 뮈달,https://www.ikea.com/kr/ko/p/mydal-bunk-bed-frame-pine-00368772/,0,0,0,0,0,1,1,1,1.34,1.9887,1.864,2.16277,1.0,1.24,1.16,1.457,1.984,2.3088,2.091,2.526,1.25,1.8522,1.41,1.821,0,https://www.ikea.com/ext/ingkadam/m/991807d01cb80bc/original/PH167341-crop001.jpg?f=l
10,침대,SLATTUM 슬라툼,https://www.ikea.com/kr/ko/p/slattum-upholstered-bed-frame-knisa-light-grey-80446375/,0,1,1,1,0,0,0,0,2.4006000000000003,1.506,1.596,1.2,2.5155000000000003,2.16209,2.1365,1.554,1.674,1.5962999999999998,1.546,1.17,2.0610000000000004,1.742,2.0420000000000003,1.451,0,https://www.ikea.com/ext/ingkadam/m/1e599a070fc2f724/original/PH161820-crop001.jpg?f=l
11,침대,MALM 말름,https://www.ikea.com/kr/ko/p/malm-ottoman-bed-white-90404803/,0,0,1,0,1,0,1,0,1.888,2.2797,1.66,2.58557,1.56,1.5299999999999998,1.8645,1.795,1.476,1.582,1.49,1.726,1.21,1.4712,1.7160000000000002,1.4,0,https://www.ikea.com/ext/ingkadam/m/4bbadbafb9b52203/original/PH156545-crop001.jpg?f=l
12,침대,NORDLI 노르들리,https://www.ikea.com/kr/ko/p/nordli-bed-frame-with-storage-white-00349854/,0,0,1,1,0,0,1,0,2.0026,1.9487,1.536,1.85277,1.9040000000000004,2.00409,1.8345,1.711,1.6900000000000002,1.7763,1.35,1.556,1.5970000000000002,1.9532,1.892,1.591,0,https://www.ikea.com/ext/ingkadam/m/2d99adc5e2dd1f6a/original/PH165566-crop001.jpg?f=l
13,거울,IKORNNES 이코르네스,https://www.ikea.com/kr/ko/p/ikornnes-table-mirror-ash-80306921/,1,0,0,0,1,0,1,0,1.558,2.5377,1.945,2.7255700000000003,1.5299999999999998,1.634,1.7555,2.1878,1.7288,1.5699999999999998,1.765,2.151,1.43026,1.7612,1.4736000000000002,1.842,0,https://www.ikea.com/kr/ko/images/products/ikornnes-table-mirror-ash__0665879_ph152876_s5.jpg?f=xl
14,테이블,VANGSTA 방스타,https://www.ikea.com/kr/ko/p/vangsta-extendable-table-black-dark-brown-90420153/,1,0,0,1,1,0,0,0,1.8406,1.999,2.021,2.0628,1.914,2.03809,1.8555,2.1848,1.8068,1.6443,1.755,1.765,1.7372600000000002,1.892,1.6596000000000002,1.933,0,https://www.ikea.com/kr/ko/images/products/vangsta-extendable-table-black-dark-brown__1049826_ph168778_s5.jpg?f=xl
15,침대,NEIDEN 네이덴,https://www.ikea.com/kr/ko/p/neiden-bed-frame-pine-90450357/,1,0,0,0,1,1,0,0,1.508,1.969,1.805,2.0528,1.49,1.484,1.6255000000000002,1.8908,2.1208,2.1888,2.0410000000000004,2.015,1.69026,1.951,1.6436000000000002,2.018,0,https://www.ikea.com/kr/ko/images/products/neiden-bed-frame-pine__0734539_pe739491_s5.jpg?f=xs
16,테이블,ÄPPLARÖ 에플라뢰,https://www.ikea.com/kr/ko/p/aepplaroe-drop-leaf-table-outdoor-brown-stained-20208532/,1,0,0,0,1,1,0,0,1.508,1.969,1.805,2.0528,1.49,1.484,1.6255000000000002,1.8908,2.1208,2.1888,2.0410000000000004,2.015,1.69026,1.951,1.6436000000000002,2.018,0,https://www.ikea.com/kr/ko/images/products/aepplaroe-drop-leaf-table-outdoor-brown-stained__0667537_pe713947_s5.jpg?f=xl
17,거울,SVANSELE 스반셀레,https://www.ikea.com/kr/ko/p/svansele-mirror-gold-colour-50479292/,1,0,0,0,0,1,0,1,1.32,1.4979999999999998,2.199,1.54,1.38,1.234,1.6755000000000002,1.6828,2.2108,2.1388,2.466,2.475,1.8002600000000002,1.921,1.9136,2.2030000000000003,0,https://www.ikea.com/ext/ingkadam/m/15d24bf628caecac/original/PH179511-crop001.jpg?f=xs
18,테이블,VANGSTA 방스타,https://www.ikea.com/kr/ko/p/vangsta-extendable-table-white-30361566/,1,0,0,1,0,0,0,1,1.6526,1.528,2.415,1.5499999999999998,1.804,1.78809,1.9055,1.9768,1.8968000000000005,1.5943,2.18,2.225,1.8472600000000003,1.862,1.9296,2.1180000000000003,0,https://www.ikea.com/ext/ingkadam/m/6ba1580897683923/original/PH156604-crop001.jpg?f=l
19,침구류,KÄPPHÄST 솁헤스트,https://www.ikea.com/kr/ko/p/kaepphaest-duvet-cover-and-pillowcase-patchwork-toys-70455742/,1,1,0,0,0,1,0,0,1.738,1.734,1.665,1.3299999999999998,2.061500000000001,1.712,1.7975,1.6528,2.2408,2.1288,2.107,1.845,2.23426,2.091,1.7836,1.978,0,https://www.ikea.com/ext/ingkadam/m/2185281d5e0b3c96/original/PH167725-crop002.jpg?f=l
20,수납장,더프리그 DIY 모듈가구 310서랍형 (3단x3열) 7color,https://ohou.se/productions/813130/selling,0,1,0,0,0,1,1,0,1.758,2.2247000000000003,1.33,1.95277,1.6815000000000002,1.718,1.282,1.427,2.014,2.2988,1.7319999999999998,1.896,1.684,2.0222,1.28,1.596,0,https://image.ohou.se/i/bucketplace-v2-development/uploads/cards/snapshots/164137547032095225.jpeg?gif=1&w=1536
21,잡화,BROR 브로르,https://www.ikea.com/kr/ko/p/bror-trolley-black-pine-plywood-40333851/,0,0,0,1,1,0,1,0,1.8606,2.4897,1.686,2.68557,1.5340000000000005,2.04409,1.34,1.9590000000000003,1.58,1.8143,1.38,1.816,1.187,1.8232,1.156,1.5510000000000002,0,https://www.ikea.com/ext/ingkadam/m/6dd1dd0c0228a731/original/PH165572-crop001.jpg?f=xxxl
22,침대,BUSUNGE 부숭에,https://www.ikea.com/kr/ko/p/busunge-extendable-bed-white-50351340/,1,1,0,0,0,0,1,0,1.788,2.3027,1.805,2.00277,2.1015000000000006,1.862,1.9275,1.9498,1.8488,1.51,1.831,1.981,1.97426,1.9012,1.6136,1.802,0,https://www.ikea.com/kr/ko/images/products/busunge-extendable-bed-white__0877327_pe653601_s5.jpg?f=xl
23,수납장,KALLAX 칼락스,https://www.ikea.com/kr/ko/p/kallax-shelving-unit-white-60351882/,1,0,1,0,0,0,1,0,1.7,1.9967,1.7950000000000002,1.89277,1.9,1.594,2.2500000000000004,1.9398,1.8388,1.532,1.735,1.891,1.84026,1.8912,2.2096,1.882,0,https://www.ikea.com/ext/ingkadam/m/35590d726e0648f7/original/PH165548-crop001.jpg?f=xxxl
24,의자,STRANDMON 스트란드몬,https://www.ikea.com/kr/ko/p/strandmon-childrens-armchair-vissle-grey-80392546/,1,0,0,0,0,1,1,0,1.34,2.1767000000000003,1.605,1.98277,1.4500000000000002,1.5539999999999998,1.4955000000000005,1.8098,2.2568,2.3088,1.911,2.231,1.7702600000000002,2.3022,1.6336000000000002,2.1180000000000003,0,https://www.ikea.com/ext/ingkadam/m/7c923e19aaaa90b5/original/PH168401-crop003.jpg?f=l
25,조명,베리나이스유,https://ohou.se/productions/700517/selling,1,0,0,0,0,1,0,1,1.32,1.4979999999999998,2.199,1.54,1.38,1.234,1.6755000000000002,1.6828,2.2108,2.1388,2.466,2.475,1.8002600000000002,1.921,1.9136,2.2030000000000003,0,https://image.ohou.se/i/bucketplace-v2-development/uploads/cards/projects/161146235648857760.jpg?gif=1&w=850
26,조명,아르테미데,https://ohou.se/productions/1028902/selling,0,1,1,1,0,0,0,0,2.4006000000000003,1.506,1.596,1.2,2.5155000000000003,2.16209,2.1365,1.554,1.674,1.5962999999999998,1.546,1.17,2.0610000000000004,1.742,2.0420000000000003,1.451,0,https://image.ohou.se/i/bucketplace-v2-development/uploads/cards/snapshots/164135347807448952.jpeg?gif=1&w=850
27,조명,GRIMSÅS 그림소스,https://www.ikea.com/kr/ko/p/grimsas-pendant-lamp-white-60412833/,1,1,0,0,0,1,0,0,1.738,1.734,1.665,1.3299999999999998,2.061500000000001,1.712,1.7975,1.6528,2.2408,2.1288,2.107,1.845,2.23426,2.091,1.7836,1.978,0,https://www.ikea.com/ext/ingkadam/m/66233fac36591a37/original/PH159924-crop001.jpg?f=xxxl
28,수납장,GODISHUS 고디스후스,https://www.ikea.com/kr/ko/p/godishus-wardrobe-white-30433484/,1,1,0,0,0,0,1,0,1.788,2.3027,1.805,2.00277,2.1015000000000006,1.862,1.9275,1.9498,1.8488,1.51,1.831,1.981,1.97426,1.9012,1.6136,1.802,0,https://www.ikea.com/ext/ingkadam/m/7ed682d58b923420/original/PH164725-crop001.jpg?f=xxxl
29,잡화,GÄNGA 옝아,https://www.ikea.com/kr/ko/p/gaenga-alarm-clock-brass-colour-90398294/,0,1,0,0,0,1,0,1,1.738,1.5459999999999998,1.924,1.51,1.6115000000000004,1.398,1.4620000000000002,1.3,1.968,2.1288,2.287,2.14,1.714,1.6410000000000002,1.56,1.681,0,https://www.ikea.com/ext/ingkadam/m/43e18ffcb5ed924c/original/PH167045-crop002.jpg?f=l
30,테이블,MÖRBYLÅNGA 뫼르뷜롱아,https://www.ikea.com/kr/ko/p/moerbylanga-table-oak-veneer-brown-stained-70386249/,0,0,1,0,1,0,0,1,1.868,1.601,2.254,2.1428,1.49,1.21,2.0445,1.668,1.43,1.412,2.045,1.97,1.24,1.09,1.996,1.485,0,https://www.ikea.com/ext/ingkadam/m/2e3030045b9e6af0/original/PH162751-crop002.jpg?f=xxxl
31,조명,KNIXHULT 크닉스훌트,https://www.ikea.com/kr/ko/p/knixhult-pendant-lamp-bamboo-handmade-00407132/,1,1,0,0,1,0,0,0,1.956,2.095,2.005,2.0728,2.1415000000000006,1.792,2.0575,2.0308,1.7128,1.39,1.961,1.765,1.89426,1.55,1.6236000000000002,1.702,0,https://www.ikea.com/ext/ingkadam/m/4a851b433442bdb2/original/PH159745-crop001.jpg?f=xxxl
32,조명,PELARBOJ,https://www.ikea.com/jp/en/p/pelarboj-led-table-lamp-multicolour-50423021/,0,1,1,1,0,0,0,0,2.4006000000000003,1.506,1.596,1.2,2.5155000000000003,2.16209,2.1365,1.554,1.674,1.5962999999999998,1.546,1.17,2.0610000000000004,1.742,2.0420000000000003,1.451,0,https://www.ikea.com/ext/ingkadam/m/4c2a58f77a0b1d29/original/PH161725-crop001.jpg?f=l
33,조명,ARÖD,https://www.ikea.com/jp/en/p/aroed-floor-reading-lamp-anthracite-60389106/,0,0,1,0,1,1,0,0,1.838,1.711,1.52,1.9128,1.52,1.38,1.7345,1.498,1.868,2.2008,1.766,1.59,1.47,1.661,1.886,1.576,0,https://www.ikea.com/ext/ingkadam/m/ee4753dae03ba0c/original/PH164901-crop001.jpg?f=l
34,수납장,SONGESAND 송에산드,https://www.ikea.com/kr/ko/p/songesand-wardrobe-brown-40375134/,0,1,0,0,0,1,0,1,1.738,1.5459999999999998,1.924,1.51,1.6115000000000004,1.398,1.4620000000000002,1.3,1.968,2.1288,2.287,2.14,1.714,1.6410000000000002,1.56,1.681,0,https://www.ikea.com/ext/ingkadam/m/77d77ef64d94943d/original/PH159252-crop002.jpg?f=xxxl
35,조명,SNÖYRA 스뇌위라,https://www.ikea.com/kr/ko/p/snoeyra-led-lighting-chain-with-40-lights-indoor-battery-operated-silver-colour-10421364/,0,1,0,0,1,1,0,0,1.926,2.0170000000000003,1.53,2.0228,1.7215000000000005,1.648,1.412,1.5080000000000002,1.878,2.1788,1.862,1.6800000000000002,1.604,1.6710000000000005,1.29,1.496,0,https://www.ikea.com/ext/ingkadam/m/53d25c4b4b52b64/original/PH160761-crop001.jpg?f=xxxl
36,테이블,LISABO 리사보,https://www.ikea.com/kr/ko/p/lisabo-desk-ash-veneer-10361746/,0,0,1,0,1,0,1,0,1.888,2.2797,1.66,2.58557,1.56,1.5299999999999998,1.8645,1.795,1.476,1.582,1.49,1.726,1.21,1.4712,1.7160000000000002,1.4,0,https://www.ikea.com/ext/ingkadam/m/6d131c9111093f2e/original/PH179628-crop002.jpg?f=xxxl
37,러그,VONSBÄK,https://www.ikea.com/jp/en/p/vonsbaek-rug-low-pile-green-30450039/,0,1,0,0,1,0,0,1,1.956,1.907,2.264,2.2528,1.6915000000000004,1.4780000000000002,1.7220000000000002,1.6780000000000002,1.44,1.39,2.141,2.06,1.374,1.1,1.4,1.4050000000000002,0,https://www.ikea.com/ext/ingkadam/m/7b3d47f0bb308bbf/original/PH161887-crop001.jpg?f=l
38,테이블,장미맨숀 레베카 타원형 원목 테이블 1800,https://ohou.se/productions/744881/selling,0,0,0,0,1,1,0,1,1.508,1.781,2.064,2.2328,1.04,1.17,1.29,1.538,1.848,2.1888,2.221,2.31,1.17,1.501,1.42,1.721,0,https://image.ohou.se/i/bucketplace-v2-development/uploads/cards/snapshots/164137932944774601.jpeg?gif=1&w=1536
39,수납장,FABRIKÖR 파브리셰르,https://www.ikea.com/kr/ko/p/fabrikoer-glass-door-cabinet-black-blue-80363172/,1,1,0,0,0,0,1,0,1.788,2.3027,1.805,2.00277,2.1015000000000006,1.862,1.9275,1.9498,1.8488,1.51,1.831,1.981,1.97426,1.9012,1.6136,1.802,0,https://www.ikea.com/ext/ingkadam/m/3a6af02261e97dbb/original/PH148307-crop001.jpg?f=xxxl
40,조명,NÄVLINGE,https://www.ikea.com/jp/en/p/naevlinge-led-work-lamp-black-10404915/,0,0,1,1,1,0,0,0,2.1706,1.741,1.736,1.9228,1.944,1.93409,1.9645,1.7920000000000005,1.554,1.6563,1.48,1.34,1.517,1.602,1.902,1.491,0,https://www.ikea.com/ext/ingkadam/m/81e9c09a7ad61d0/original/PH179221-crop001.jpg?f=l
41,거울,마켓비,https://ohou.se/productions/82112/selling?affect_type=StoreSearchResult&affect_id=39,0,0,0,0,1,1,0,1,1.508,1.781,2.064,2.2328,1.04,1.17,1.29,1.538,1.848,2.1888,2.221,2.31,1.17,1.501,1.42,1.721,0,https://image.ohou.se/i/bucketplace-v2-development/uploads/productions/1545960910_115704_1.jpg?gif=1&w=1280&h=1280&c=c
42,침대,캐더린 LED 통서랍 수납침대 SS/Q,https://ohou.se/productions/310649/selling,0,0,0,0,1,0,1,1,1.558,2.3497000000000003,2.204,2.90557,1.08,1.3199999999999998,1.42,1.835,1.456,1.57,1.945,2.446,0.91,1.3112,1.25,1.545,0,https://image.ohou.se/i/bucketplace-v2-development/uploads/productions/162676121775574674.jpg?gif=1&w=1280&h=1280&c=c
43,거울,https://ohou.se/brands/home?query=%EC%95%84%EB%8A%91&affect_type=ProductSaleDetail&affect_id=762435,https://ohou.se/productions/762435/selling?affect_type=StoreSearchResult&affect_id=120,0,0,1,1,0,0,1,0,2.0026,1.9487,1.536,1.85277,1.9040000000000004,2.00409,1.8345,1.711,1.6900000000000002,1.7763,1.35,1.556,1.5970000000000002,1.9532,1.892,1.591,0,https://image.ohou.se/i/bucketplace-v2-development/uploads/productions/15650448016039_h2GeO.jpg?gif=1&w=1280&h=1280&c=c
44,거울,https://ohou.se/brands/home?query=%EB%82%98%EB%88%84%EB%B2%A8&affect_type=ProductSaleDetail&affect_id=847779,https://ohou.se/productions/847779/selling?affect_type=StoreSearchResult&affect_id=127,0,1,1,1,0,0,0,0,2.4006000000000003,1.506,1.596,1.2,2.5155000000000003,2.16209,2.1365,1.554,1.674,1.5962999999999998,1.546,1.17,2.0610000000000004,1.742,2.0420000000000003,1.451,0,https://image.ohou.se/i/bucketplace-v2-development/uploads/productions/162193245838993039.jpg?gif=1&w=1280&h=1280&c=c
45,침대,호텔소파원단 패브릭 소파베드 3colors (쿠션증정),https://ohou.se/productions/138320/selling,1,0,0,1,0,0,1,0,1.6726,2.2067000000000005,1.821,1.99277,1.874,2.10809,1.7255000000000005,2.1038,1.9428000000000003,1.7643,1.625,1.981,1.8172600000000003,2.2432,1.6496000000000002,2.0330000000000004,0,https://image.ohou.se/i/bucketplace-v2-development/uploads/productions/1561105403576_wW7.jpg?gif=1&w=1280&h=1280&c=c
46,수납장,https://ohou.se/brands/home?query=%EC%83%81%EC%9D%BC%EB%A6%AC%EB%B2%A0%EA%B0%80%EA%B5%AC&affect_type=ProductSaleDetail&affect_id=322900,https://ohou.se/productions/322900/selling?affect_type=StoreSearchResult&affect_id=134,0,0,1,0,1,0,1,0,1.888,2.2797,1.66,2.58557,1.56,1.5299999999999998,1.8645,1.795,1.476,1.582,1.49,1.726,1.21,1.4712,1.7160000000000002,1.4,0,https://image.ohou.se/i/bucketplace-v2-development/uploads/productions/159039194084726881.jpg?gif=1&w=1280&h=1280&c=c
47,테이블,도로모 12T 포셀린 통세라믹 4인용 식탁세트,https://ohou.se/productions/864464/selling,1,0,1,1,0,0,0,0,1.9826,1.458,1.871,1.2299999999999998,2.2840000000000003,1.99809,2.3500000000000005,1.9368,1.9168000000000005,1.6063,1.725,1.505,2.14726,2.022,2.3956000000000004,1.973,0,https://image.ohou.se/i/bucketplace-v2-development/uploads/productions/162278669912015933.jpg?gif=1&w=1280&h=1280&c=c
48,거울,https://ohou.se/brands/home?query=%EB%AC%B4%EC%95%84%EC%8A%A4&affect_type=ProductSaleDetail&affect_id=1088454,https://ohou.se/productions/1088454/selling?affect_type=StoreSearchResult&affect_id=152,0,0,1,0,1,0,1,0,1.888,2.2797,1.66,2.58557,1.56,1.5299999999999998,1.8645,1.795,1.476,1.582,1.49,1.726,1.21,1.4712,1.7160000000000002,1.4,0,https://image.ohou.se/i/bucketplace-v2-development/uploads/productions/163651087203147499.jpg?gif=1&w=1280&h=1280&c=c
49,거울,https://ohou.se/brands/home?query=%EB%B2%A0%EB%85%B8%EC%8B%9D%EC%8A%A4&affect_type=ProductSaleDetail&affect_id=1034531,https://ohou.se/productions/1034531/selling?affect_type=StoreSearchResult&affect_id=160,0,1,0,0,1,0,0,1,1.956,1.907,2.264,2.2528,1.6915000000000004,1.4780000000000002,1.7220000000000002,1.6780000000000002,1.44,1.39,2.141,2.06,1.374,1.1,1.4,1.4050000000000002,0,https://image.ohou.se/i/bucketplace-v2-development/uploads/productions/163331540577431828.jpg?gif=1&w=1280&h=1280&c=c
50,거울,https://ohou.se/brands/home?query=%EB%AF%B8%EC%86%8C%EC%95%84%EC%9D%B4&affect_type=ProductSaleDetail&affect_id=451580,https://ohou.se/productions/451580/selling?affect_type=StoreSearchResult&affect_id=169,0,0,1,1,0,0,1,0,2.0026,1.9487,1.536,1.85277,1.9040000000000004,2.00409,1.8345,1.711,1.6900000000000002,1.7763,1.35,1.556,1.5970000000000002,1.9532,1.892,1.591,0,https://image.ohou.se/i/bucketplace-v2-development/uploads/productions/159773536766839959.jpg?gif=1&w=1280&h=1280&c=c
51,거울,https://ohou.se/brands/home?query=%EC%A3%BC%EB%B9%8C%EB%A6%AC%EA%B0%80%EA%B5%AC&affect_type=ProductSaleDetail&affect_id=510136,https://ohou.se/productions/510136/selling?affect_type=StoreSearchResult&affect_id=187,1,0,1,0,1,0,0,0,1.868,1.789,1.995,1.9628,1.94,1.5239999999999998,2.3800000000000003,2.0208,1.7028,1.412,1.865,1.675,1.76026,1.54,2.2196,1.7819999999999998,0,https://image.ohou.se/i/bucketplace-v2-development/uploads/productions/160214677598010509.jpg?gif=1&w=1280&h=1280&c=c
52,거울,완소각소 팔각 골드 전신거울,https://ohou.se/productions/220010/selling?affect_type=StoreSearchResult&affect_id=194,0,1,0,0,1,1,0,0,1.926,2.0170000000000003,1.53,2.0228,1.7215000000000005,1.648,1.412,1.5080000000000002,1.878,2.1788,1.862,1.6800000000000002,1.604,1.6710000000000005,1.29,1.496,0,https://image.ohou.se/i/bucketplace-v2-development/uploads/productions/160488675162012367.jpg?gif=1&w=1280&h=1280&c=c
53,수납장,모듈가구 003(3단) 6colors,https://ohou.se/productions/594962/selling,0,0,1,0,0,1,0,1,1.65,1.2399999999999998,1.914,1.4,1.41,1.13,1.7845000000000002,1.29,1.958,2.1508,2.191,2.05,1.58,1.631,2.156,1.761,0,https://image.ohou.se/i/bucketplace-v2-development/uploads/productions/162303802572522809.jpeg?gif=1&w=1280&h=1280&c=c
54,거울,https://ohou.se/brands/home?query=%EC%A7%84%EC%8B%AC%EB%94%94%EC%9E%90%EC%9D%B8&affect_type=ProductSaleDetail&affect_id=169803,https://ohou.se/productions/169803/selling?affect_type=StoreSearchResult&affect_id=198,0,0,0,0,1,0,1,1,1.558,2.3497000000000003,2.204,2.90557,1.08,1.3199999999999998,1.42,1.835,1.456,1.57,1.945,2.446,0.91,1.3112,1.25,1.545,0,https://image.ohou.se/i/bucketplace-v2-development/uploads/productions/sub_images/156651661347926228.jpg?gif=1&w=1280&h=1280&c=c
55,거울,https://ohou.se/brands/home?query=%EB%A9%94%EC%9D%B8%ED%99%88&affect_type=ProductSaleDetail&affect_id=577657,https://ohou.se/productions/577657/selling?affect_type=StoreSearchResult&affect_id=259,0,1,0,0,0,1,0,1,1.738,1.5459999999999998,1.924,1.51,1.6115000000000004,1.398,1.4620000000000002,1.3,1.968,2.1288,2.287,2.14,1.714,1.6410000000000002,1.56,1.681,0,https://image.ohou.se/i/bucketplace-v2-development/uploads/productions/160583142820121873.jpg?gif=1&w=1280&h=1280&c=c
56,거울,https://ohou.se/brands/home?query=lifebox&affect_type=ProductSaleDetail&affect_id=633583,https://ohou.se/productions/633583/selling?affect_type=StoreSearchResult&affect_id=291,1,1,0,0,0,1,0,0,1.738,1.734,1.665,1.3299999999999998,2.061500000000001,1.712,1.7975,1.6528,2.2408,2.1288,2.107,1.845,2.23426,2.091,1.7836,1.978,0,https://image.ohou.se/i/bucketplace-v2-development/uploads/productions/160930568559476201.jpg?gif=1&w=1280&h=1280&c=c
57,거울,https://ohou.se/brands/home?query=%EC%95%8C%EB%A1%9C%ED%95%98%EA%B0%90%EC%84%B1&affect_type=ProductSaleDetail&affect_id=315945,https://ohou.se/productions/315945/selling?affect_type=StoreSearchResult&affect_id=300,0,1,1,1,0,0,0,0,2.4006000000000003,1.506,1.596,1.2,2.5155000000000003,2.16209,2.1365,1.554,1.674,1.5962999999999998,1.546,1.17,2.0610000000000004,1.742,2.0420000000000003,1.451,0,https://image.ohou.se/i/bucketplace-v2-development/uploads/productions/158994899118065400.jpg?gif=1&w=1280&h=1280&c=c
58,거울,https://ohou.se/brands/home?query=%EA%B5%AC%EB%94%94%ED%91%B8%EB%94%94&affect_type=ProductSaleDetail&affect_id=1050249,https://ohou.se/productions/1050249/selling?affect_type=StoreSearchResult&affect_id=301,1,1,0,0,0,1,0,0,1.738,1.734,1.665,1.3299999999999998,2.061500000000001,1.712,1.7975,1.6528,2.2408,2.1288,2.107,1.845,2.23426,2.091,1.7836,1.978,0,https://image.ohou.se/i/bucketplace-v2-development/uploads/productions/163428712946654040.jpg?gif=1&w=1280&h=1280&c=c
59,조명,리벌티 장스탠드,https://ohou.se/productions/491817/selling?affect_type=ProductCategoryIndex&affect_id=,0,0,1,0,0,1,0,1,1.65,1.2399999999999998,1.914,1.4,1.41,1.13,1.7845000000000002,1.29,1.958,2.1508,2.191,2.05,1.58,1.631,2.156,1.761,0,https://image.ohou.se/i/bucketplace-v2-development/uploads/productions/160082370001373450.jpg?gif=1&w=1280&h=1280&c=c
60,거울,https://ohou.se/brands/home?query=%EC%B1%84%EC%9A%B0%EB%A6%AC&affect_type=ProductSaleDetail&affect_id=445585,https://ohou.se/productions/445585/selling?affect_type=StoreSearchResult&affect_id=305,0,1,0,0,0,1,0,1,1.738,1.5459999999999998,1.924,1.51,1.6115000000000004,1.398,1.4620000000000002,1.3,1.968,2.1288,2.287,2.14,1.714,1.6410000000000002,1.56,1.681,0,https://image.ohou.se/i/bucketplace-v2-development/uploads/productions/15650448037713_qNyWN.jpg?gif=1&w=1280&h=1280&c=c
61,거울,https://ohou.se/brands/home?query=%EB%AF%B8%EC%8A%A4%EB%AA%A8%EB%84%A4&affect_type=ProductSaleDetail&affect_id=891326,https://ohou.se/productions/891326/selling?affect_type=StoreSearchResult&affect_id=312,0,1,0,0,0,1,0,1,1.738,1.5459999999999998,1.924,1.51,1.6115000000000004,1.398,1.4620000000000002,1.3,1.968,2.1288,2.287,2.14,1.714,1.6410000000000002,1.56,1.681,0,https://image.ohou.se/i/bucketplace-v2-development/uploads/productions/162443484759218442.jpg?gif=1&w=1280&h=1280&c=c
62,조명,LERSTA 레르스타 장스탠드,https://ohou.se/productions/1024870/selling?affect_type=ProductCategoryIndex&affect_id=,0,1,1,1,0,0,0,0,2.4006000000000003,1.506,1.596,1.2,2.5155000000000003,2.16209,2.1365,1.554,1.674,1.5962999999999998,1.546,1.17,2.0610000000000004,1.742,2.0420000000000003,1.451,0,https://image.ohou.se/i/bucketplace-v2-development/uploads/productions/images/163263804036180290.jpg?gif=1&w=1280&h=1280&c=c
63,조명,린다 깃털 구스 장스탠드 조명,https://ohou.se/productions/61066/selling?affect_type=ProductCategoryIndex&affect_id=,1,1,0,0,0,1,0,0,1.738,1.734,1.665,1.3299999999999998,2.061500000000001,1.712,1.7975,1.6528,2.2408,2.1288,2.107,1.845,2.23426,2.091,1.7836,1.978,0,https://image.ohou.se/i/bucketplace-v2-development/uploads/productions/158926088608879937.jpg?gif=1&w=1280&h=1280&c=c
64,거울,https://ohou.se/brands/home?query=%EB%93%9C%EC%9B%B0%EB%A7%81%EC%BB%B4%ED%8D%BC%EB%8B%88&affect_type=ProductSaleDetail&affect_id=254275,https://ohou.se/productions/254275/selling?affect_type=StoreSearchResult&affect_id=313,0,1,0,0,0,1,0,1,1.738,1.5459999999999998,1.924,1.51,1.6115000000000004,1.398,1.4620000000000002,1.3,1.968,2.1288,2.287,2.14,1.714,1.6410000000000002,1.56,1.681,0,https://image.ohou.se/i/bucketplace-v2-development/uploads/productions/158509543254162025.jpg?gif=1&w=1280&h=1280&c=c
65,조명,랑스 1등 플로어 장스탠드 조명,https://ohou.se/productions/80155/selling?affect_type=ProductCategoryIndex&affect_id=,0,0,1,0,0,0,1,1,1.7,1.8087,2.0540000000000003,2.07277,1.45,1.2799999999999998,1.9145,1.587,1.566,1.5319999999999998,1.915,2.186,1.3199999999999998,1.4412,1.986,1.585,0,https://image.ohou.se/i/bucketplace-v2-development/uploads/productions/1544684580159_q9.jpg?gif=1&w=1280&h=1280&c=c
66,거울,https://ohou.se/brands/home?query=%EA%B1%B0%EC%9A%B8%EB%AF%B8%EC%9D%B8&affect_type=ProductSaleDetail&affect_id=890604,https://ohou.se/productions/890604/selling?affect_type=StoreSearchResult&affect_id=314,0,0,1,0,1,1,0,0,1.838,1.711,1.52,1.9128,1.52,1.38,1.7345,1.498,1.868,2.2008,1.766,1.59,1.47,1.661,1.886,1.576,0,https://image.ohou.se/i/bucketplace-v2-development/uploads/productions/162400034849374040.JPG?gif=1&w=1280&h=1280&c=c
67,조명,앰플 9등 펜던트 조명_골드,https://ohou.se/productions/229953/selling?affect_type=ProductCategoryIndex&affect_id=,1,1,0,0,0,1,0,0,1.738,1.734,1.665,1.3299999999999998,2.061500000000001,1.712,1.7975,1.6528,2.2408,2.1288,2.107,1.845,2.23426,2.091,1.7836,1.978,0,https://image.ohou.se/i/bucketplace-v2-development/uploads/productions/157863954333098362.jpg?gif=1&w=1280&h=1280&c=c
68,거울,https://ohou.se/brands/home?query=%ED%92%80%EC%94%A8&affect_type=ProductSaleDetail&affect_id=658443,https://ohou.se/productions/658443/selling?affect_type=StoreSearchResult&affect_id=320,0,0,0,0,1,1,1,0,1.528,2.4597000000000007,1.47,2.67557,1.11,1.4899999999999998,1.11,1.665,1.894,2.3588,1.666,2.0660000000000003,1.14,1.8822,1.14,1.636,0,https://image.ohou.se/i/bucketplace-v2-development/uploads/productions/161095533087608102.jpg?gif=1&w=1280&h=1280&c=c
69,조명,우리집 속 불멍 벽난로 무드등,https://ohou.se/productions/233366/selling?affect_type=ProductCategoryIndex&affect_id=,0,1,0,0,1,0,0,1,1.956,1.907,2.264,2.2528,1.6915000000000004,1.4780000000000002,1.7220000000000002,1.6780000000000002,1.44,1.39,2.141,2.06,1.374,1.1,1.4,1.4050000000000002,0,https://image.ohou.se/i/bucketplace-v2-development/uploads/productions/160282039286137158.jpg?gif=1&w=1280&h=1280&c=c
70,거울,https://ohou.se/brands/home?query=%EB%A8%BC%EB%8D%B0%EC%9D%B4%ED%95%98%EC%9A%B0%EC%8A%A4&affect_type=ProductSaleDetail&affect_id=119208,https://ohou.se/productions/119208/selling?affect_type=StoreSearchResult&affect_id=322,1,0,0,0,1,0,1,0,1.558,2.5377,1.945,2.7255700000000003,1.5299999999999998,1.634,1.7555,2.1878,1.7288,1.5699999999999998,1.765,2.151,1.43026,1.7612,1.4736000000000002,1.842,0,https://image.ohou.se/i/bucketplace-v2-development/uploads/productions/1556807147985_d1b.jpg?gif=1&w=1280&h=1280&c=c
71,거울,https://ohou.se/brands/home?query=FAFA%20MARKET&affect_type=ProductSaleDetail&affect_id=892224,https://ohou.se/productions/892224/selling?affect_type=StoreSearchResult&affect_id=350,1,1,0,0,0,1,0,0,1.738,1.734,1.665,1.3299999999999998,2.061500000000001,1.712,1.7975,1.6528,2.2408,2.1288,2.107,1.845,2.23426,2.091,1.7836,1.978,0,https://image.ohou.se/i/bucketplace-v2-development/uploads/productions/162451897479906862.jpg?gif=1&w=1280&h=1280&c=c
72,거울,https://ohou.se/brands/home?query=%EC%82%B4%EB%A6%BC%EC%9D%98%EA%B8%B0%EC%88%A0&affect_type=ProductSaleDetail&affect_id=807129,https://ohou.se/productions/807129/selling?affect_type=StoreSearchResult&affect_id=357,0,0,1,1,0,0,1,0,2.0026,1.9487,1.536,1.85277,1.9040000000000004,2.00409,1.8345,1.711,1.6900000000000002,1.7763,1.35,1.556,1.5970000000000002,1.9532,1.892,1.591,0,https://image.ohou.se/i/bucketplace-v2-development/uploads/productions/161951389691743340.jpg?gif=1&w=1280&h=1280&c=c
73,거울,https://ohou.se/brands/home?query=%EC%9D%B4%EC%9D%B4%EA%B3%B5%EB%B8%8C%EC%9D%B4%EC%83%B5&affect_type=ProductSaleDetail&affect_id=817055,https://ohou.se/productions/817055/selling?affect_type=StoreSearchResult&affect_id=361,1,1,0,0,0,1,0,0,1.738,1.734,1.665,1.3299999999999998,2.061500000000001,1.712,1.7975,1.6528,2.2408,2.1288,2.107,1.845,2.23426,2.091,1.7836,1.978,0,https://image.ohou.se/i/bucketplace-v2-development/uploads/productions/images/162011877429709846.jpg?gif=1&w=1280&h=1280&c=c
74,조명,벨라 피치 튤립 감성 LED 무드등,https://ohou.se/productions/1081924/selling?affect_type=ProductCategoryIndex&affect_id=,0,1,0,0,0,1,0,1,1.738,1.5459999999999998,1.924,1.51,1.6115000000000004,1.398,1.4620000000000002,1.3,1.968,2.1288,2.287,2.14,1.714,1.6410000000000002,1.56,1.681,0,https://image.ohou.se/i/bucketplace-v2-development/uploads/productions/163636430823382763.jpg?gif=1&w=1280&h=1280&c=c
75,조명,선라이즈 웨이크업 알람시계 무드등 취침등 수면등 조명,https://ohou.se/productions/641637/selling?affect_type=ProductCategoryIndex&affect_id=,0,1,1,0,0,0,1,0,2.1180000000000003,2.0447,1.52,1.86277,2.1315000000000004,1.758,2.0365,1.557,1.596,1.5219999999999998,1.556,1.556,1.7540000000000002,1.6112,1.856,1.36,0,https://image.ohou.se/i/bucketplace-v2-development/uploads/productions/160999221556016411.jpg?gif=1&w=1280&h=1280&c=c
76,조명,FADO 파도 달 조명,https://ohou.se/productions/1020795/selling?affect_type=ProductCategoryIndex&affect_id=,0,1,0,0,0,1,0,1,1.738,1.5459999999999998,1.924,1.51,1.6115000000000004,1.398,1.4620000000000002,1.3,1.968,2.1288,2.287,2.14,1.714,1.6410000000000002,1.56,1.681,0,https://image.ohou.se/i/bucketplace-v2-development/uploads/productions/163220665825529696.jpg?gif=1&w=1280&h=1280&c=c
77,거울,https://ohou.se/brands/home?query=%ED%81%B4%EB%9D%BC%EC%9A%B0%EB%93%9C%EC%82%B4%EB%AA%AC&affect_type=ProductSaleDetail&affect_id=875418,https://ohou.se/productions/875418/selling?affect_type=StoreSearchResult&affect_id=375,0,0,0,0,1,1,0,1,1.508,1.781,2.064,2.2328,1.04,1.17,1.29,1.538,1.848,2.1888,2.221,2.31,1.17,1.501,1.42,1.721,0,https://image.ohou.se/i/bucketplace-v2-development/uploads/productions/162330406000993039.jpg?gif=1&w=1280&h=1280&c=c
78,거울,https://ohou.se/brands/home?query=%ED%81%B4%EB%9D%BC%EC%9A%B0%EB%93%9C%EC%82%B4%EB%AA%AC&affect_type=ProductSaleDetail&affect_id=755937,https://ohou.se/productions/755937/selling?affect_type=StoreSearchResult&affect_id=386,0,0,0,0,1,1,0,1,1.508,1.781,2.064,2.2328,1.04,1.17,1.29,1.538,1.848,2.1888,2.221,2.31,1.17,1.501,1.42,1.721,0,https://image.ohou.se/i/bucketplace-v2-development/uploads/productions/images/161648661935862146.jpg?gif=1&w=1280&h=1280&c=c
79,조명,북유럽 모던 빈티지 침대옆 푸딩 머쉬룸 스탠드 협탁조명,https://ohou.se/productions/965244/selling?affect_type=ProductCategoryIndex&affect_id=,1,1,0,1,0,0,0,0,2.0706,1.764,1.881,1.34,2.4855000000000005,2.26609,2.0275,1.9468,1.9268,1.5843,1.821,1.595,2.28126,2.032,1.7996000000000003,1.893,0,https://image.ohou.se/i/bucketplace-v2-development/uploads/productions/162858745397689054.jpg?gif=1&w=1280&h=1280&c=c
80,조명,모던심플 LED 스탠드,https://ohou.se/productions/181504/selling?affect_type=ProductCategoryIndex&affect_id=,0,1,1,1,0,0,0,0,2.4006000000000003,1.506,1.596,1.2,2.5155000000000003,2.16209,2.1365,1.554,1.674,1.5962999999999998,1.546,1.17,2.0610000000000004,1.742,2.0420000000000003,1.451,0,https://image.ohou.se/i/bucketplace-v2-development/uploads/productions/156945926905546572.jpg?gif=1&w=1280&h=1280&c=c
81,거울,https://ohou.se/brands/home?query=%EC%97%90%EC%9D%B4%ED%8A%B8%ED%95%98%EC%9A%B0%EC%8A%A4&affect_type=ProductSaleDetail&affect_id=837082,https://ohou.se/productions/837082/selling?affect_type=StoreSearchResult&affect_id=424,0,1,1,0,1,0,0,0,2.286,1.837,1.72,1.9328,2.1715000000000004,1.688,2.1665,1.638,1.46,1.402,1.6860000000000002,1.34,1.6740000000000002,1.26,1.866,1.2599999999999998,0,https://image.ohou.se/i/bucketplace-v2-development/uploads/productions/162130540362853282.jpg?gif=1&w=1280&h=1280&c=c
82,조명,밝기 조절 가능한 LED 조이 플로어 램프,https://ohou.se/productions/1006016/selling?affect_type=ProductCategoryIndex&affect_id=,0,1,1,0,0,0,1,0,2.1180000000000003,2.0447,1.52,1.86277,2.1315000000000004,1.758,2.0365,1.557,1.596,1.5219999999999998,1.556,1.556,1.7540000000000002,1.6112,1.856,1.36,0,https://image.ohou.se/i/bucketplace-v2-development/uploads/productions/163108468588185126.jpg?gif=1&w=1280&h=1280&c=c
83,거울,https://ohou.se/brands/home?query=%ED%99%88%EC%95%A4%ED%95%98%EB%B9%84&affect_type=ProductSaleDetail&affect_id=1114289,https://ohou.se/productions/1114289/selling?affect_type=StoreSearchResult&affect_id=421,1,0,0,0,1,0,1,0,1.558,2.5377,1.945,2.7255700000000003,1.5299999999999998,1.634,1.7555,2.1878,1.7288,1.5699999999999998,1.765,2.151,1.43026,1.7612,1.4736000000000002,1.842,0,https://image.ohou.se/i/bucketplace-v2-development/uploads/productions/159160535281703651.jpg?gif=1&w=1280&h=1280&c=c
84,조명,깊어가는 겨울 밤 불멍 벽난로 무드등,https://ohou.se/productions/1038258/selling?affect_type=ProductCategoryIndex&affect_id=,0,1,0,0,1,0,0,1,1.956,1.907,2.264,2.2528,1.6915000000000004,1.4780000000000002,1.7220000000000002,1.6780000000000002,1.44,1.39,2.141,2.06,1.374,1.1,1.4,1.4050000000000002,0,https://image.ohou.se/i/bucketplace-v2-development/uploads/productions/163358658290143045.jpg?gif=1&w=1280&h=1280&c=c
85,조명,FORSA 포르소 작업등 단스탠드,https://ohou.se/productions/1020819/selling?affect_type=ProductCategoryIndex&affect_id=,0,1,0,1,0,0,0,1,2.0706,1.576,2.14,1.52,2.0355000000000003,1.95209,1.692,1.5940000000000003,1.654,1.5843,2.001,1.89,1.761,1.582,1.576,1.596,0,https://image.ohou.se/i/bucketplace-v2-development/uploads/productions/163221130785527175.jpg?gif=1&w=1280&h=1280&c=c
86,거울,https://ohou.se/brands/home?query=%EC%9A%B0%EB%93%9C%EB%A1%9C%ED%95%98%EC%9A%B0%EC%8A%A4&affect_type=ProductSaleDetail&affect_id=200265,https://ohou.se/productions/200265/selling?affect_type=StoreSearchResult&affect_id=461,0,1,1,1,0,0,0,0,2.4006000000000003,1.506,1.596,1.2,2.5155000000000003,2.16209,2.1365,1.554,1.674,1.5962999999999998,1.546,1.17,2.0610000000000004,1.742,2.0420000000000003,1.451,0,https://image.ohou.se/i/bucketplace-v2-development/uploads/productions/images/157319081838432506.jpg?gif=1&w=1280&h=1280&c=c
87,조명,LED 스칸디 테이블 장스탠드,https://ohou.se/productions/141511/selling?affect_type=ProductCategoryIndex&affect_id=,0,0,0,0,1,1,0,1,1.508,1.781,2.064,2.2328,1.04,1.17,1.29,1.538,1.848,2.1888,2.221,2.31,1.17,1.501,1.42,1.721,0,https://image.ohou.se/i/bucketplace-v2-development/uploads/productions/1561524036_100514_1.jpg?gif=1&w=1280&h=1280&c=c
88,거울,https://ohou.se/brands/home?query=%ED%8A%B8%EB%A0%8C%EB%8D%B0%EC%BD%94&affect_type=ProductSaleDetail&affect_id=629083,https://ohou.se/productions/629083/selling?affect_type=StoreSearchResult&affect_id=459,1,0,0,0,1,0,0,1,1.538,1.859,2.539,2.2828,1.46,1.314,1.9355,2.0608,1.6828,1.4,2.3200000000000003,2.395,1.46026,1.38,1.7536,1.927,0,https://image.ohou.se/i/bucketplace-v2-development/uploads/productions/1608173773_100226_12.jpg?gif=1&w=1280&h=1280&c=c
89,거울,https://ohou.se/brand_pages/101/home?affect_type=ProductSaleDetail&affect_id=772764,https://ohou.se/productions/772764/selling?affect_type=StoreSearchResult&affect_id=503,0,1,0,0,1,0,0,1,1.956,1.907,2.264,2.2528,1.6915000000000004,1.4780000000000002,1.7220000000000002,1.6780000000000002,1.44,1.39,2.141,2.06,1.374,1.1,1.4,1.4050000000000002,0,https://image.ohou.se/i/bucketplace-v2-development/uploads/productions/161769503349137847.jpg?gif=1&w=1280&h=1280&c=c
90,거울,https://ohou.se/brands/home?query=%ED%8F%AC%ED%99%88&affect_type=ProductSaleDetail&affect_id=437920,https://ohou.se/productions/437920/selling?affect_type=StoreSearchResult&affect_id=498,1,0,0,0,1,0,0,1,1.538,1.859,2.539,2.2828,1.46,1.314,1.9355,2.0608,1.6828,1.4,2.3200000000000003,2.395,1.46026,1.38,1.7536,1.927,0,https://image.ohou.se/i/bucketplace-v2-development/uploads/productions/1596519652_102633_1.jpg?gif=1&w=1280&h=1280&c=c
91,거울,https://ohou.se/brands/home?query=%EB%B3%B4%EB%A3%A8%EB%84%A4%EC%98%A4&affect_type=ProductSaleDetail&affect_id=782043,https://ohou.se/productions/782043/selling?affect_type=StoreSearchResult&affect_id=497,0,0,1,1,0,0,1,0,2.0026,1.9487,1.536,1.85277,1.9040000000000004,2.00409,1.8345,1.711,1.6900000000000002,1.7763,1.35,1.556,1.5970000000000002,1.9532,1.892,1.591,0,https://image.ohou.se/i/bucketplace-v2-development/uploads/productions/161818891088182957.jpg?gif=1&w=1280&h=1280&c=c
92,조명,북유럽 플로어 스탠드 조명 장스탠드 LED 거실등,https://ohou.se/productions/941546/selling?affect_type=ProductCategoryIndex&affect_id=,1,0,1,1,0,0,0,0,1.9826,1.458,1.871,1.2299999999999998,2.2840000000000003,1.99809,2.3500000000000005,1.9368,1.9168000000000005,1.6063,1.725,1.505,2.14726,2.022,2.3956000000000004,1.973,0,https://image.ohou.se/i/bucketplace-v2-development/uploads/productions/162713994308716152.png?gif=1&w=1280&h=1280&c=c
93,거울,https://ohou.se/brands/home?query=%EB%B2%A0%EB%85%B8%EC%8B%9D%EC%8A%A4&affect_type=ProductSaleDetail&affect_id=1061216,https://ohou.se/productions/1061216/selling?affect_type=StoreSearchResult&affect_id=599,0,0,0,0,1,1,0,1,1.508,1.781,2.064,2.2328,1.04,1.17,1.29,1.538,1.848,2.1888,2.221,2.31,1.17,1.501,1.42,1.721,0,https://image.ohou.se/i/bucketplace-v2-development/uploads/productions/163512588714424269.jpg?gif=1&w=1280&h=1280&c=c
94,테이블,키드니빈즈 접이식 좌식테이블,https://ohou.se/productions/209749/selling?affect_type=ProductCategoryIndex&affect_id=,0,0,1,0,1,1,0,0,1.838,1.711,1.52,1.9128,1.52,1.38,1.7345,1.498,1.868,2.2008,1.766,1.59,1.47,1.661,1.886,1.576,0,https://image.ohou.se/i/bucketplace-v2-development/uploads/productions/162424305319088723.jpeg?gif=1&w=640&h=640&c=c
95,침구류,빈백 607C 그랜드 소파,https://ohou.se/productions/111084/selling?affect_type=ProductCategoryIndex&affect_id=,1,0,0,0,0,0,1,1,1.37,2.0667,2.339,2.21277,1.4200000000000002,1.384,1.8055,1.9798,1.8188,1.52,2.19,2.611,1.54026,1.7312,1.7436000000000005,2.027,0,https://image.ohou.se/i/bucketplace-v2-development/uploads/productions/159678320813648435.jpg?gif=1&w=640&h=640&c=c
96,침대,포텐 LED 4단 수납 원목 침대,https://ohou.se/productions/349480/selling?affect_type=ProductCategoryIndex&affect_id=,0,0,0,0,1,1,1,0,1.528,2.4597000000000007,1.47,2.67557,1.11,1.4899999999999998,1.11,1.665,1.894,2.3588,1.666,2.0660000000000003,1.14,1.8822,1.14,1.636,0,https://image.ohou.se/i/bucketplace-v2-development/uploads/productions/images/159131889280585851.jpg?gif=1&w=640&h=640&c=c
97,잡화,원목 가벽인테리어 스트라이프 파티션,https://ohou.se/productions/150395/selling?affect_type=ProductCategoryIndex&affect_id=,0,1,0,1,1,0,0,0,2.2586,2.047,1.746,2.0328,2.1455000000000006,2.20209,1.642,1.8020000000000005,1.5639999999999998,1.6343,1.576,1.4300000000000002,1.651,1.612,1.3060000000000005,1.411,0,https://image.ohou.se/i/bucketplace-v2-development/uploads/productions/163620641458389895.jfif?gif=1&w=640&h=640&c=c
98,잡화,노르마니 LED 익스텐션 모던 거실장,https://ohou.se/productions/346800/selling?affect_type=ProductCategoryIndex&affect_id=,0,1,1,1,0,0,0,0,2.4006000000000003,1.506,1.596,1.2,2.5155000000000003,2.16209,2.1365,1.554,1.674,1.5962999999999998,1.546,1.17,2.0610000000000004,1.742,2.0420000000000003,1.451,0,https://image.ohou.se/i/bucketplace-v2-development/uploads/productions/159105182644945962.jpg?gif=1&w=640&h=640&c=c
99,수납장,프라임 와이드 수납 행거,https://ohou.se/productions/313591/selling?affect_type=ProductCategoryIndex&affect_id=,1,0,0,0,1,0,1,0,1.558,2.5377,1.945,2.7255700000000003,1.5299999999999998,1.634,1.7555,2.1878,1.7288,1.5699999999999998,1.765,2.151,1.43026,1.7612,1.4736000000000002,1.842,0,https://image.ohou.se/i/bucketplace-v2-development/uploads/productions/158986921606595523.jpg?gif=1&w=640&h=640&c=c
100,수납장,인테리어 북선반 철제 책장 진열장,https://ohou.se/productions/805213/selling?affect_type=ProductCategoryIndex&affect_id=,0,1,0,1,0,0,1,0,2.0906,2.2547000000000006,1.546,1.96277,2.1055000000000006,2.27209,1.512,1.7210000000000003,1.7,1.7543000000000002,1.446,1.646,1.731,1.9632,1.2960000000000005,1.511,0,https://image.ohou.se/i/bucketplace-v2-development/uploads/productions/161942868196694523.jpg?gif=1&w=640&h=640&c=c
101,수납장,오리엔탈 9단 와이드 800 서랍 수납장 나비장,https://ohou.se/productions/579266/selling?affect_type=ProductCategoryIndex&affect_id=,0,1,0,0,1,0,0,1,1.956,1.907,2.264,2.2528,1.6915000000000004,1.4780000000000002,1.7220000000000002,1.6780000000000002,1.44,1.39,2.141,2.06,1.374,1.1,1.4,1.4050000000000002,0,https://image.ohou.se/i/bucketplace-v2-development/uploads/productions/160586012644102447.jpg?gif=1&w=640&h=640&c=c
102,테이블,무니 리프트업 테이블,https://ohou.se/productions/910467/selling?affect_type=ProductCategoryIndex&affect_id=,1,0,0,0,1,0,1,0,1.558,2.5377,1.945,2.7255700000000003,1.5299999999999998,1.634,1.7555,2.1878,1.7288,1.5699999999999998,1.765,2.151,1.43026,1.7612,1.4736000000000002,1.842,0,https://image.ohou.se/i/bucketplace-v2-development/uploads/productions/162554647536732369.webp?gif=1&w=640&h=640&c=c
